Kurskod	KursSve	KursEng	Hskpoang	Niva
AADA01	Digitala verktyg 1	Digital Tools 1	2.0	G1
AADA05	Digitala verktyg 2	Digital Tools 2	2.0	G1
AADA10	Digitala verktyg 3	Digital Tools 3	2.0	G1
AADA15	Digitala verktyg 4	Digital Tools 4	2.0	G1
AADA20	Digitala verktyg 5	Digital Tools 5	2.0	G1
AADA25	Digitala verktyg 6	Digital Tools 6	2.0	G1
AAHA01	Arkitektur, baskurs A (åk 1)	Architecture, Basic Course A1	9.0	G1
AAHA05	Arkitektur, baskurs A (åk 2)	Architecture, Basic Course A2	9.0	G1
AAHA10	Arkitektur, baskurs B (åk 1)	Architecture, Basic Course B1	18.0	G1
AAHA20	Arkitektur, baskurs C (åk 1)	Architecture, Basic Course C1	9.0	G1
AAHA25	Arkitektur, baskurs C (åk 2)	Architecture, Basic Course C2	9.0	G1
AAHA30	Arkitektur, baskurs D (åk 1)	Architecture, Basic Course D1	18.0	G1
AAHA55	Gestaltningsprocess och prototyp	Architectural Design Process and Prototypes	9.0	G1
AAHA60	Arkitektens redskap	The Architect´s Tools	9.0	G1
AAHA65	Utställningsdesign	Exhibition Design	3.0	G1
AAHF01	Arkitekturteknik 5: Hållbar teknik i byggd miljö	Sustainable Technology in the Built Environment	3.0	G2
AAHF05	Arkitektur, baskurs D (åk 2)	Architecture, Basic Course D2	18.0	G2
AAHF10	Hållbar arkitektonisk gestaltning	Sustainable Architectural Design	9.0	G2
AAHF15	Arkitektur, baskurs B (åk 2)	Architecture, Basic Course B2	18.0	G2
AAHF20	Arkitektur - I tid och rum	Architecture - In Time and Space	15.0	G2
AAHF26	Arkitektur - I urban kontext	Architecture - In Urban Contexts	15.0	G2
AAHF30	Arkitektur - I samtid	Architecture - In the Contemporary	15.0	G2
AAHF35	Dokumentation och kommunikation	Documentation and Communication	3.0	G2
AAHF40	Arbetsplatsförlagd arkitektutbildning	Architectural Education at Workplace	30.0	G2
AAHL05	Kandidatarbete i arkitektur	Bachelor Project in Architecture	18.0	G2
AAHM01	Examensarbete i arkitektur	Degree Project in Architecture	30.0	A
AAHM10	Masterexamensarbete i arkitektur	Degree Project within Master Programme in Architecture	30.0	A
AAHN02	Avancerad arkitektonisk gestaltning I	Advanced Architectural Design I	15.0	A
AAHN06	Avancerad arkitektonisk gestaltning II	Advanced Architectural Design II	15.0	A
AAHN10	Integrerad design: Arkitektur - konstruktion	Integrated Design: Architectural Design - Structural Design	7.5	A
AAHN15	Arkitekturens kreativa verktyg I	The Creative Tools of Architecture I	7.5	A
AAHN25	Avancerad arkitektonisk gestaltning I, teori	Advanced Architectural Design I, Theory	7.5	A
AAHN30	Fördjupningsprojekt i arkitektur inom särskilt intresseområde	Advanced Design Studio in Architecture	15.0	A
AAHN35	Fördjupningskurs i arkitektur inom särskilt intresseområde	Advanced Course in Architecture	7.5	A
AAKN20	Arkitektur i material och detalj I	Architecture in Material and Detail I	7.5	A
AAMA05	Ljus och färg	Light and Colour	3.0	G1
AAMN01	Mänskliga miljöramar - byggnad/stad	Human Environmental Frames - Building scale/Urban scale	7.5	A
ABAF01	Internationellt hållbart byggande	International Sustainable Development in Built Environment	7.5	G2
ABAL01	Examensarbete	Degree Project	22.5	G2
ABAN06	Urban Shelter, teori	Urban Shelter - Theory	7.5	A
ABAN11	Urban Shelter	Urban Shelter	15.0	A
ABAN15	Klimatsmart arkitektur och urban design	Climate Smart Architecture and Urban Design	7.5	A
ABFF01	Skandinavisk arkitektur och stadsbyggnad I	An Outline of Scandinavian Architecture and Urbanism I	7.5	G2
ABKA01	Arkitekturteknik 4: Energi och installationsteknik	Energy and Building Services	3.0	G1
ABKF01	Teknisk byggnadsförvaltning	Technical Management of Buildings	7.5	G2
ABKF05	Installationsteknik	Building Services	7.0	G2
ABKF10	Ventilation och luftkvalitet i byggnader	Ventilation and Indoor Air Quality	7.5	G2
ABKF15	Livscykelperspektiv och miljöbedömning av byggnader	Life Cycle Perspective and Environmental Impact of Buildings	7.5	G2
ABKL01	Kandidatarbete i installationsteknik	Bachelor Project in Building Services	15.0	G2
ABKM01	Examensarbete i installationsteknik	Degree Project in Building Services	30.0	A
ABVA01	Arkitektur- och byggteknikhistoria	History of Architecture and Civil Engineering	6.0	G1
ABVA05	Byggteknik med arkitektur	Housing Design	6.0	G1
ABVN02	Modernismens arkitektur - förnyelse	Modernistic Architecture - Renewal	15.0	A
ABVN06	Modernismens arkitektur - förnyelse, teoridel	Modernistic Architecture - Renewal, Theory	7.5	A
ABVN11	Kulturhistoriska byggnader, teori	Cultural Heritage Buildings, Theory	7.5	A
ABVN16	Kulturhistoriska byggnader	Cultural Heritage Buildings	15.0	A
ABVN20	Arkitektur i material och detalj II	Architecture in Material and Detail II	7.5	A
AEBF10	Energianvändning och termisk komfort i byggnader	Energy Use and Thermal Comfort in Buildings	7.5	G2
AEBF15	Dagsljus och belysning i byggnader	Daylighting and Lighting of Buildings	7.5	G2
AEBF20	Byggnadsintegrerade solenergisystem	Building Integrated Solar Energy Systems	7.5	G2
AEBF25	Solenergi - grundkurs i solvärmeteknik	Solar Heating Technology, Basic Course	7.5	G2
AEBF30	Solel - grundkurs i solcellsteknik	Photovoltaic Systems, Basic Course	7.5	G2
AEBL01	Kandidatarbete i energi- och byggnadsdesign	Bachelor Project in Energy and Building Design	15.0	G2
AEBM01	Masterexamensarbete i energi- och miljöeffektiva byggnader	Degree Project in Energy-efficient and Environmental Buildings	30.0	A
AEBM05	Examensarbete i energi- och byggnadsdesign	Degree Project in Energy and Building Design	30.0	A
AEBN10	Passivhus - integrering av termiska aspekter och fuktsäkerhet	Passive House - Integrating Thermal and Moisture Issues	15.0	A
AEBN15	Energieffektiv kontorsbyggnad - integrering av dagsljus och ventilation	Energy-efficient Office Building - Integrating Daylight and Ventilation 	15.0	A
AEBN20	Offentlig byggnad - integrering av solenergi-, kostnads- och miljöaspekter	Public Building - Integrating Solar Energy, Costs and Environmental Issues	15.0	A
AFOA05	Tillämpad estetik, visuell kommunikation, del III	Applied Aesthetics, Visual Communication, Part III	6.0	G1
AFOA10	Produktsemiotik	Product Semiotics	5.0	G1
AFOA15	Tillämpad estetik, visuell kommunikation, del I	Applied Aesthetics, Visual Communication Ability, Part I	5.0	G1
AFOA20	Tillämpad estetik, visuell kommunikation, del II	Applied Aesthetics, Visual Communication Ability, Part II	5.0	G1
AFOA25	Estetik I	Aesthetics I	7.5	G1
AFOA30	Produktsemiotik	Product Semiotics	6.0	G1
AFOF21	Tillämpad estetik, visuell kommunikation, del IV	Applied Aesthetics, Visual Communication, part IV	6.0	G2
AFOF25	Presentationsteknik och portfölj	Building a Graphic Vocabulary and Portfolio	3.0	G2
AFON01	Estetik	Aesthetics	5.0	A
AFON20	Interiör arkitektur och möbler	Interior Architecture and Furniture Design	7.5	A
AFON25	Teori i handling	Performing Theories	7.5	A
AFON30	Arkitektur som temporala landskap	Architecture as Temporal Landscapes	7.5	A
AFON35	Estetik II	Aesthetics II	9.0	A
ASBF05	Stadsbyggandets grunder	The Fundamentals of Urban Design	9.0	G2
ASBF10	Hållbart stadsbyggande	Sustainable Urban Design	7.5	G2
ASBF20	Stadsplanering	Urban Planning	7.5	G2
ASBL01	Kandidatarbete i stadsbyggnad	Bachelor Project in Urban Planning and Design	15.0	G2
ASBM01	Masterexamensarbete i hållbar stadsgestaltning	Degree Project in Sustainable Urban Design	30.0	A
ASBM05	Examensarbete i stadsbyggnad	Degree Project in Urban Planning and Design	30.0	A
ASBN02	Stadsåterbruk	Sustainable Urban Recycling	15.0	A
ASBN06	Stadsåterbruk - teori och metod	Urban Recycling - Theory and Methods	7.5	A
ASBN11	Det nya stadslandskapet - teori och metod	Sustainable Urban Landscape - Theory and Method	7.5	A
ASBN16	Det nya stadslandskapet	Sustainable Urban Landscape	15.0	A
ASBN26	Landskapsarkitektur och trädgård	Landscape Architecture and Gardens	7.5	A
ASBN31	Urban dynamik	Sustainable Urban Dynamics	15.0	A
ASBN36	Urbana processer	Urban Process	7.5	A
ASBN41	Urban dynamik - teorier och tendenser	Urban Dynamics - Theories and Tendencies	7.5	A
ASBN45	Stadskvalitet och urban form	Urban Quality and Urban Form	7.5	A
ASBN50	Stadsförnyelse	Urban Renewal	7.5	A
ASEN01	Spatiala experiment I	Spatial Experiments I	15.0	A
ASEN05	Spatiala experiment II	Spatial Experiments II	15.0	A
ASEN10	Spatiala experiment I, teori	Spatial Experiments I, Theory	7.5	A
ASEN15	Spatiala experiment II, teori	Spatial Experiments II, Theory	7.5	A
ATHA01	Arkitekturens teori och historia I	The Theory and History of Architecture I	7.0	G1
ATHA05	Arkitekturens teori och historia II (åk 1)	The Theory and History of Architecture II (Year 1)	7.0	G1
ATHA10	Arkitekturens teori och historia II (åk 2)	The Theory and History of Architecture II (Year 2)	7.0	G1
ATHA15	Arkitekturens teori och historia III	The Theory and History of Architecture III	7.0	G1
ATHA20	Arkitekturens teori och historia IV (Åk 1)	The Theory and History of Architecture IV (Year 1)	7.0	G1
ATHA25	Arkitekturens teori och historia IV (Åk 2)	The Theory and History of Architecture IV (Year 2)	7.0	G1
ATHF01	Arkitekturens teori och historia V	The Theory and History of Architecture V	7.0	G2
ATHF05	Arkitekturens teori och historia VI	The Theory and History of Architecture VI	5.0	G2
BLTF01	Enhetsoperationer för bioteknik- och livsmedelsindustrin	Unit Operations in the Biotech and Food Industry	7.5	G2
BMEA05	Signaler och system	Signals and Systems 	7.5	G1
BMEF01	Elektronikprojekt	Project in Electronics	5.0	G2
BMEF05	Mätteknik	Electrical Measurements	4.5	G2
BMEF10	Sensorteknik	Transducer Technology	7.5	G2
BMEF15	Sensorer	Sensors	7.5	G2
BMEF20	Neuroteknik	Neuroengineering	7.5	G2
BMEF25	Signalbehandling - teori och tillämpningar	Signal Processing - Theory and Applications	6.0	G2
BMEL01	Kandidatarbete i biomedicinsk teknik	Bachelor Project in Biomedical Engineering	15.0	G2
BMEM01	Examensarbete i biomedicinsk teknik	Degree Project in Biomedical Engineering	30.0	A
BMEM05	Examensarbete i elektrisk mätteknik	Degree Project in Electrical Measurements	30.0	A
BMEN01	Medicinsk signalbehandling	Biomedical Signal Processing	7.5	A
BMEN05	Biomekanik	Biomechanics	7.5	A
BMEN10	Biomekanik för vävnader	Tissue Biomechanics	7.5	A
BMEN15	Signalseparation - oberoende komponenter	Signal Separation - Independent Components	7.5	A
BMEN20	Projektkurs i signalbehandling – från idé till app	Project Course in Signal Processing – from Idea to App	7.5	A
BMEN25	Projekt i Biomedicinsk teknik	Project in Biomedical Engineering	7.5	A
EDAA01	Programmeringsteknik - fördjupningskurs	Programming - Second Course	7.5	G1
EDAA10	Programmering i Java	Computer Programming in Java	7.5	G1
EDAA20	Programmering och databaser	Programming and Databases	7.5	G1
EDAA30	Programmering i Java - fortsättningskurs	Programming in Java - Second Course	7.5	G1
EDAA35	Utvärdering av programvarusystem	Evaluation of Software Systems	7.0	G1
EDAA40	Diskreta strukturer i datavetenskap	Discrete Structures in Computer Science	5.0	G1
EDAA45	Programmering, grundkurs	Introduction to Programming	7.5	G1
EDAA50	Programmeringsteknik	Programming, First Course	7.5	G1
EDAA55	Programmeringsteknik	Programming, First Course	9.0	G1
EDAA60	Datorer och datoranvändning	Computer Introduction	3.0	G1
EDAA65	Programmering	Programming, First Course	6.0	G1
EDAA70	Inledande programmering med Python	Introduction to Programming Using Python	7.5	G1
EDAF05	Algoritmer, datastrukturer och komplexitet	Algorithms, Data Structures and Complexity	5.0	G2
EDAF20	Databasteknik	Database Technology	7.5	G2
EDAF25	Objektorienterad modellering och design	Object-oriented Modelling and Design	7.5	G2
EDAF30	Programmering i C++	Programming in C++	7.5	G2
EDAF35	Operativsystem	Operating Systems	7.5	G2
EDAF45	Programvaruutveckling i grupp - projekt	Software Development in Teams - Project	7.5	G2
EDAF50	C++ - programmering	C++ Programming	7.5	G2
EDAF60	Objektorienterad modellering och design	Object-oriented Modelling and Design	4.5	G2
EDAF75	Databasteknik	Database Technology	7.5	G2
EDAF80	Datorgrafik	Computer Graphics	7.5	G2
EDAF85	Realtidssystem	Real-Time Systems	7.5	G2
EDAF90	Webbprogrammering	Web Programming	7.5	G2
EDAF95	Grundläggande funktionsprogrammering	Basics of Functional Programming	5.0	G2
EDAG01	Effektiv C	Efficient C	7.5	G2
EDAG05	Agil programvaruutveckling - projekt	Agile Software Development - Project	7.5	G2
EDAL01	Kandidatarbete i datavetenskap	Bachelor Project in Computer Science	15.0	G2
EDAL05	Examensarbete i datavetenskap	Degree Project in Computer Science	22.5	G2
EDAM01	Masterexamensarbete i datavetenskap	Degree Project in Computer Sciences	30.0	A
EDAM05	Examensarbete i datavetenskap	Degree Project in Computer Sciences for Engineers	30.0	A
EDAN01	Constraint-programmering	Constraint Programming	7.5	A
EDAN10	Konfigurationshantering	Configuration Management	7.5	A
EDAN15	Konstruktion av inbyggda system	Design of Embedded Systems	7.5	A
EDAN20	Språkteknologi	Language Technology	7.5	A
EDAN26	Multicoreprogrammering	Multicore Programming	7.5	A
EDAN35	Högpresterande datorgrafik	High Performance Computer Graphics	7.5	A
EDAN40	Funktionsprogrammering	Functional Programming	7.5	A
EDAN65	Kompilatorer	Compilers	7.5	A
EDAN70	Projekt i datavetenskap	Project in Computer Science	7.5	A
EDAN75	Optimerande kompilatorer	Optimising Compilers	7.5	A
EDAN80	Coachning av programvaruteam	Coaching of Programming Teams	9.0	A
EDAN90	Avancerat projekt i datavetenskap	Advanced Project in Computer Science	7.5	A
EDAN95	Tillämpad maskininlärning	Applied Machine Learning	7.5	A
EDAP01	Artificiell intelligens	Artificial Intelligence	7.5	A
EDAP05	Programspråkskoncept	Concepts of Programming Languages	7.5	A
EDAP10	Flertrådad programmering	Concurrent Programming	7.5	A
EDAP15	Programanalys	Program Analysis	7.5	A
EDAP20	Intelligenta autonoma system	Intelligent Autonomous Systems	7.5	A
EDAP25	Distribuerade system	Distributed Systems	7.5	A
EDIN01	Kryptoteknik	Cryptography	7.5	A
EEIA01	Elektroteknik, introduktionskurs	Introduction to Electrical Engineering	6.0	G1
EEMA01	Medicinteknisk design	Biomedical Design	9.0	G1
EEMF05	Medicinsk mätteknik	Biomedical Measurements	7.5	G2
EEMF10	Klinisk kemisk diagnostik	Clinical Chemical Diagnostics	5.0	G2
EEMF15	Sensorer och mätteknik	Sensors and Measurements	7.5	G2
EEML01	Kandidatarbete i elektrisk mätteknik	Bachelor Project in Electrical Measurements	15.0	G2
EEML05	Kandidatarbete i klinisk innovation	Bachelor Project in Clinical Innovation	15.0	G2
EEMM01	Masterexamensarbete i elektrisk mätteknik	Degree Project in Electrical Measurements	30.0	A
EEMN01	Mikrosensorer	Micro Sensors	7.5	A
EEMN05	EMC, störningar och störningsbegränsning	EMC, Noise and Noise Reduction	7.5	A
EEMN10	Datorbaserade mätsystem	Computerised Measurement Systems	7.5	A
EEMN15	Ultraljudsfysik och teknik	Ultrasound Physics and Technology	7.5	A
EEMN21	Introduktion till mikrofluidik och lab-on-a-chip system	Introduction to Microfluidics and Lab-on-a-chip Systems	7.5	A
EEMN26	Lab-on-a-chip i biomedicinska tillämpningar	Lab-on-a-chip in Biomedical Applications	7.5	A
EIEF06	Automationsteknik	Automation	7.5	G2
EIEF10	Elmaskiner och drivsystem	Electrical Machines and Drives	7.5	G2
EIEF20	Automationsteknik, fortsättningskurs	Automation, Advanced Course	7.5	G2
EIEF25	Projekt i Automation	Project in Automation	11.0	G2
EIEF30	Styr- och reglerteknik	Automatic Control	7.5	G2
EIEF35	Elektroteknikens grunder	Electrical Engineering, Basic Course	9.0	G2
EIEF40	Industriell mätning och styrning	Measurement Systems for Control	9.0	G2
EIEL01	Kandidatarbete i industriell elektroteknik och automation	Bachelor Project in Industrial Electrical Engineering and Automation	15.0	G2
EIEL05	Examensarbete i industriell elektroteknik och automation	Degree Project in Industrial Electrical Engineering and Automation	22.5	G2
EIEM01	Examensarbete i industriell elektroteknik och automation	Degree Project in Industrial Electrical Engineering and Automation	30.0	A
EIEN01	Mekatronik, industriell produktframtagning	Mechatronics, Industrial Product Design	10.0	A
EIEN10	Vindkraftsystem	Wind Power Systems	7.5	A
EIEN15	Elkraftsystem	Electric Power Systems	7.5	A
EIEN20	Elmaskinkonstruktion	Design of Electrical Machines	7.5	A
EIEN25	Kraftelektronik - komponenter, omvandlare, reglering och tillämpningar	Power Electronics - Devices, Converters, Control and Applications	15.0	A
EIEN30	Projekt i industriell elektroteknik och automation	Project in Industrial Electrical Engineering and Automation	7.5	A
EIEN35	Automation för komplexa system	Automation for Complex Systems	7.5	A
EIEN41	El- och elhybridfordonsteknik 	Electric and Electric Hybrid Vehicle Technology	7.5	A
EIEN45	Tillämpad mekatronik	Applied Mechatronics	10.0	A
EIEN50	Automation	Automation	7.5	A
EITA01	Introduktion till medicin och teknik	Introduction to Biomedical Engineering	12.0	G1
EITA05	Teknikhistoria	History of Technology	4.5	G1
EITA10	Elektronik	Electronics	5.0	G1
EITA15	Digitala system	Digital Systems	15.0	G1
EITA20	Datateknik, introduktionskurs	Introduction to Computer Engineering	6.0	G1
EITA25	Datasäkerhet	Computer Security	7.5	G1
EITA30	Informationsöverföring	Information Transmission	7.5	G1
EITA35	Elektronik	Electronics	15.0	G1
EITA40	Krets- och mätteknik	Circuits and Measurements	7.5	G1
EITA50	Signalbehandling i multimedia	Signal Processing in Multimedia	7.5	G1
EITA55	Kommunikationssystem	Communication Systems	7.5	G1
EITA60	Datorkommunikation	Computer Communication	6.0	G1
EITF05	Webbsäkerhet	Web Security	4.0	G2
EITF12	Digitala projekt	Digital Systems, Project Laboratory	9.0	G2
EITF20	Datorarkitektur	Computer Architecture	7.5	G2
EITF35	Digitala strukturer på kisel	Introduction to Structured VLSI Design	7.5	G2
EITF45	Datorkommunikation	Computer Communication	7.5	G2
EITF50	Introduktion till trådlösa system	An Introduction to Wireless Systems	7.5	G2
EITF55	Säkerhet	Data Security	7.5	G2
EITF60	Datorarkitekturer med operativsystem	Computer Architectures and Operating Systems	7.5	G2
EITF65	Digitalteknik	Design of Digital Circuits - A Systems Approach	9.0	G2
EITF70	Datorteknik	Computer Organization	6.0	G2
EITF75	Digital signalbehandling	Systems and Signals	6.0	G2
EITF80	Elektromagnetisk fältteori	Electromagnetic Fields	9.0	G2
EITF85	Elektromagnetisk fältteori	Electromagnetic Field Theory	6.0	G2
EITF90	Ellära och elektronik	Electromagnetics and Electronics	7.5	G2
EITF95	Kösystem	Queuing System	4.5	G2
EITG01	Dator- och telekommunikation	Computer and Telecommunication	7.5	G2
EITG05	Digital kommunikation	Digital Communications	7.5	G2
EITL01	Kandidatarbete i elektro- och informationsteknik	Bachelor Project in Electrical and Information Technology	15.0	G2
EITL05	Examensarbete i elektro- och informationsteknik	Degree Project in Electrical and Information Technology	22.5	G2
EITM01	Examensarbete i elektro- och informationsteknik	Degree Project in Electrical and Information Technology	30.0	A
EITM02	Masterexamensarbete i elektro- och informationsteknik	Degree Project in Electrical and Information Technology	30.0	A
EITN10	Multipelantennsystem	Multiple Antenna Systems	7.5	A
EITN21	Projekt i trådlös kommunikation	Project in Wireless Communication	7.5	A
EITN30	Internet inuti	Internet Inside	7.5	A
EITN35	Projekt i elektro- och informationsteknik	Advanced Course in Electrical and Information Technology	7.5	A
EITN41	Avancerad webbsäkerhet	Advanced Web Security	7.5	A
EITN45	Informationsteori	Information Theory	7.5	A
EITN50	Avancerad datasäkerhet	Advanced Computer Security	7.5	A
EITN60	Optimal och adaptiv signalbehandling	Optimum and Adaptive Signal Processing	7.5	A
EITN65	Mätning och modellering av centrala nervsystemets funktion	Measurement and Modeling of the Central Nervous System Function	7.5	A
EITN70	Kanalkodning för tillförlitlig kommunikation	Channel Coding for Reliable Communication	7.5	A
EITN75	Design av trådlösa system	Wireless System Design Principles	7.5	A
EITN80	Elektrodynamik	Electrodynamics	7.5	A
EITN85	Trådlösa kanaler	Wireless Communication Channels	7.5	A
EITN90	Radar och fjärranalys	Radar and Remote Sensing	7.5	A
EITN95	Simulering	Simulation	7.5	A
EITP01	Höghastighetselektronik	High Speed Devices	7.5	A
EITP05	Nanoelektronik	Nanoelectronics	7.5	A
EITP10	Högpresterande fibernät	High Performance Fiber Networks	7.5	A
EITP15	Kretskortsdesign och prototypkonstruktion	Printed Circuit Board and Prototyping	7.5	A
EITP20	Konstruktion av säkra system	Secure Systems Engineering	7.5	A
EITP25	Minnesteknologi för maskininlärning	Memory Technology for Machine Learning	7.5	A
EITP30	Moderna trådlösa system - 5G och dess efterföljare	Modern Wireless Systems - 5G and Beyond	7.5	A
ESSF01	Analog elektronik	Analogue Circuits	8.0	G2
ESSF10	Mätteknik	Electrical Measurements	5.0	G2
ESSF15	Elenergiteknik	Electrical Engineering	5.0	G2
ESSF20	Komponentfysik	Physics of Devices	4.5	G2
ETEF01	Elektromagnetisk fältteori	Electromagnetic Field Theory	7.0	G2
ETEF05	Elenergiteknik	Power Engineering	7.5	G2
ETEF10	Kraftelektronik	Power Electronics	7.5	G2
ETEF15	Krets- och mätteknik, fortsättningskurs	Circuits and Measurements, Advanced Course	7.5	G2
ETEN10	Antennteknik	Antenna Technology	7.5	A
ETIA06	Elektroteknik: möjligheter och begränsningar	Electrical Engineering: Possibilities and Limitations	4.0	G1
ETIA10	Patent och annan immaterialrätt	Patent and Intellectual Property Rights	7.5	G1
ETIF10	Signalbehandling - design och implementering	Signal Processing - Design and Implementation	7.5	G2
ETIF20	E-hälsa	E-health	5.0	G2
ETIN20	Digital IC-konstruktion	Digital IC-design	7.5	A
ETIN25	Analog IC-konstruktion	Analogue IC-design	7.5	A
ETIN30	Integrerad radioelektronik	Integrated Radio Electronics	7.5	A
ETIN35	IC-projekt 1	IC-project 1	7.5	A
ETIN40	IC-projekt 2	IC-project 2	7.5	A
ETIN45	DSP-design	DSP-design	7.5	A
ETIN50	Högfrekvensförstärkare	RF Amplifier Design	7.5	A
ETIN55	Integrerade A/D och D/A omvandlare	Integrated A/D and D/A Converters	7.5	A
ETIN70	Modern elektronik	Modern Electronics	7.5	A
ETSA03	Programvaruutveckling - metodik	Software Engineering - Methodology	6.0	G1
ETSF05	Internetprotokoll	Internet Protocols	9.0	G2
ETSF10	Internetprotokoll	Internet Protocols	7.5	G2
ETSF15	Kommunikationssystem och nätverk	Communication Systems and Networks	5.0	G2
ETSF20	Programvaruutveckling för stora projekt	Software Development for Large Projects	7.5	G2
ETSF25	Affärsdriven programvaruutveckling	The Business of Software	7.5	G2
ETSF30	Kravhantering	Requirements Engineering	7.5	G2
ETSN05	Programvaruutveckling för stora system	Software Development for Large Systems	7.5	A
ETSN10	Nätverksarkitektur och prestanda	Network Architecture and Performance	7.5	A
ETSN15	Kravhantering	Requirements Engineering	7.5	A
ETSN20	Programvarutestning	Software Testing	7.5	A
ETTN01	Digital kommunikation, fortsättningskurs	Digital Communications, Advanced Course	7.5	A
EXTA01	Terrester ekologi	Terrestrial Ecology	10.0	G1
EXTA05	Designhistoria	History of Design	4.0	G1
EXTA10	Introduktion till Kinas samhällsliv, kultur och språk	Introduction to Chinese Society, Culture and Language	3.0	G1
EXTA24	Svenska för utbytesstudenter, nivå 1	Swedish for Exchange Students, Level 1	7.5	G1
EXTA25	Svenska för utbytesstudenter, nivå 2	Swedish for Exchange Students, Level 2	7.5	G1
EXTA26	Svenska för utbytesstudenter, nivå 3	Swedish for Exchange Students, Level 3	7.5	G1
EXTA27	Svenska för utbytesstudenter, nivå 4	Swedish for Exchange Students, Level 4	7.5	G1
EXTA35	Introduktionskurs i kinesiska för civilingenjörer	Introductory Course in Chinese for Engineers	15.0	G1
EXTA40	Introduktion till mikroekonomisk teori	Introduction to Microeconomic Theory	6.0	G1
EXTA50	Samhällsmätning	Surveying	9.0	G1
EXTA56	Verksamhetsförlagd utbildning i sjukvården	Clinical Training in Biomedical Engineering	5.0	G1
EXTA60	Statistik	Statistics	7.5	G1
EXTA65	Kognition	Cognition	4.5	G1
EXTA70	Cellens biologi	Biology of the Cell	7.5	G1
EXTF30	Räntebärande tillgångar	Fixed Income Securities	7.5	G2
EXTF35	Portföljvalsteori	Portfolio Selection	7.5	G2
EXTF40	Optionsteori	Option Theory	7.5	G2
EXTF45	Finansiell ekonomi	Financial Management	6.0	G2
EXTF55	Kommunikation, tänkande och etik - kognitiva och kulturella perspektiv	Communication, Thinking and Ethics - Cognitive and Cultural Perspectives	8.0	G2
EXTF60	Introduktionskurs i kinesiska för civilingenjörer, del 2	Introductory Course in Chinese for Engineers, Part 2	15.0	G2
EXTF76	Det sociala medvetandet och design	Philosophy of Mind and Design	5.0	G2
EXTF80	Geografisk informationsteknik	Geographic Information Technology	12.0	G2
EXTF85	Partikelfysik, kosmologi och acceleratorer	Particle Physics, Cosmology and Accelerators	7.5	G2
EXTF90	Produktion av fotoner och neutroner för vetenskap	Photon and Neutron Production for Science	7.5	G2
EXTG01	Medicinska bildgivande system	Medical Imaging Systems 	5.0	G2
EXTG05	Biomaterial - Interaktion mellan levande vävnad och syntetiska material	Biomaterials - Interaction between Living Tissue and Synthetic Materials	5.0	G2
EXTG11	Biologisk modellering	Biological Modelling	4.0	G2
EXTG15	Biologisk översiktskurs	Biology, Introductory Course	7.5	G2
EXTG20	Geografisk informationsteknik - introduktion	Geographic Information Technology - Introduction	15.0	G2
EXTG25	Geografisk informationsteknik - avancerad kurs	Geographic Information Technology - Advanced Course	15.0	A
EXTG30	Geografisk informationsteknik - grundkurs	Geographic Information Technology - Basic Course	15.0	G2
EXTG40	Miljörätt	Environmental Law	15.0	G2
EXTG45	Teknikstödd kommunikation	Technology Supported Communication	7.5	G2
EXTG50	Människans fysiologi	Human Physiology	7.5	G2
EXTG55	Biokemi	Biochemistry	15.0	G2
EXTG60	Industriell organisation	Economics, Industrial Organization	7.5	G2
EXTG65	Ekonometri	Econometrics	7.5	G2
EXTG70	Miljörätt	Environmental Law	7.5	G2
EXTG75	GIS för samhällsbyggnad och miljö	GIS for Built and Natural Environments	7.5	G2
EXTL01	Kandidatarbete i geografisk informationsteknik	Bachelor Project in Geographic Information Technology	15.0	G2
EXTL02	Kandidatarbete i ekologi	Bachelor Project in Ecology	15.0	G2
EXTL03	Kandidatarbete i kognitionsforskning	Bachelor Project in Cognition Science	15.0	G2
EXTM05	Examensarbete i geografisk informationsteknik	Degree Project in Geographic Information Technology	30.0	A
EXTM10	Examensarbete i finansiell ekonomi	Degree Project in Financial Economics	30.0	A
EXTM15	Examensarbete i kognitionsforskning	Degree Project in Cognition Science	30.0	A
EXTM20	Examensarbete i ekologi	Degree Project in Ecology	30.0	A
EXTN05	Avancerad ekonometri	Econometrics, Advanced Course	7.5	A
EXTN10	Webb-GIS	Web GIS	7.5	A
EXTN25	Vattenvård	Water Management	15.0	A
EXTN30	Sinnesbiologi	Sensory Biology	15.0	A
EXTN45	Farmakologi	Pharmacology	15.0	A
EXTN50	Toxikologi	Toxicology	15.0	A
EXTN65	Neurobiologi	Neurobiology	15.0	A
EXTN70	Geografiska databaser	Geographical Databases	7.5	A
EXTN75	Rumslig analys	Spatial Analysis	7.5	A
EXTN80	Ekonomiskt och finansiellt beslutsfattande	Economic and Financial Decision-making	7.5	A
EXTN85	Spridningsmetoder	Scattering Methods	7.5	A
EXTN90	Experimentella metoder och instrumentering för synkrotronljusforskning	Experimental Methods and Instrumentation for Synchrotron Radiation Research	7.5	A
EXTN95	Acceleratorer och frielektronlasrar	Accelerators and Free Electron Lasers	7.5	A
EXTP40	GIT-projekt med Pythonprogrammering	GIT Project with Python Programming	7.5	A
EXTP45	Strålterapifysik	Radiation Therapy Physics	7.5	A
EXTP50	Avancerad mikroekonomisk analys	Advanced Microeconomic Analysis	7.5	A
EXTP60	Mikroskopi, Bio-imaging	Microscopy, Bio-Imaging	7.5	A
EXTP85	Kvantitativ humanfysiologi	Quantitative Human Physiology	7.5	A
EXTP90	Fasta tillståndets teori	Solid State Theory	7.5	A
EXTP95	Ytfysik	The Physics of Surfaces	7.5	A
EXTQ01	Teoretisk biofysik	Theoretical Biophysics	7.5	A
EXTQ05	Algoritmer i geografisk informationsbehandling	Algorithms in Geographical Information Systems	7.5	A
EXTQ10	Limnologi	Limnology	15.0	A
EXTQ15	Tillämpad ekotoxikologi	Applied Ecotoxicology	15.0	A
EXTQ20	Biologiska system	Biological Systems	7.5	A
EXTQ25	Finansiell ekonomi, avancerad kurs	Financial Economics, Advanced Course	7.5	A
EXTQ30	Empirisk finansiell ekonomi	Economics, Empirical Finance	7.5	A
EXTQ35	Värdering och hantering av finansiell risk	Financial Valuation and Risk Management	7.5	A
EXTQ40	Introduktion till artificiella neuronnätverk och deep learning	Introduction to Artificial Neural Networks and Deep Learning	7.5	A
EXTQ45	Modern röntgenfysik - diffraktion och avbildning	Modern X-ray Physics - Diffraction and Imaging	7.5	A
FAFA01	Fysik - Mekanik och vågor	Physics - Mechanics and Waves	9.0	G1
FAFA05	Fysik - Våglära, termodynamik och atomfysik	Physics - Waves, Thermodynamics and Atomic Physics	12.0	G1
FAFA10	Fysik - Kvantfenomen och nanoteknologi	Physics - Quantum Phenomena and Nanotechnology	9.0	G1
FAFA30	Fysik - elektricitetslära, gaser och vätskor	Physics: Electricity - Fluids	8.0	G1
FAFA35	Fysik - Termodynamik och atomfysik	Physics - Thermodynamics and Atomic Physics	6.0	G1
FAFA40	Fysik	Physics	8.0	G1
FAFA45	Termodynamik med tillämpningar	Thermodynamics with Applications	7.5	G1
FAFA55	Kvantfysikaliska koncept	Concepts in Quantum Physics	9.0	G1
FAFA60	Fotonik	Photonics	5.0	G1
FAFA65	Termodynamik, våglära och optik	Thermodynamics, Waves and Optics	7.5	G1
FAFA70	Energi- och omvärldsfysik	Energy and Environmental Physics	7.5	G1
FAFA75	Energi- och omvärldsfysik	Energy and Environmental Physics	9.0	G1
FAFA80	Tillämpad vågrörelselära	Applied Optics and Waves	6.0	G1
FAFA85	Fysik	Physics	6.0	G1
FAFF01	Optik och optisk design	Optics and Optical Design	7.5	G2
FAFF05	Projekt nanoingenjör	Project Engineering at the Nanoscale	15.0	G2
FAFF10	Atom- och kärnfysik med tillämpningar	Atomic and Nuclear Physics with Applications	15.0	G2
FAFF40	Våglära och optik	Waves and Optics	7.5	G2
FAFF45	Medicinsk fysik	Physics for Biomedicine	8.0	G2
FAFF50	Perspektiv på hållbar utveckling	Perspectives on Sustainable Development	7.5	G2
FAFN01	Lasrar	Lasers	7.5	A
FAFN05	Ljus - materia växelverkan	Light - Matter Interaction	7.5	A
FAFN10	Avancerade laser- och optiksystem	Advanced Optics and Lasers	7.5	A
FAFN15	Kristalltillväxt och halvledarepitaxi	Crystal Growth and Semiconductor Epitaxy	7.5	A
FAFN25	Atom- och molekylspektroskopi	Atomic and Molecular Spectroscopy	7.5	A
FAFN30	Svepspetsmikroskopi	Scanning Probe Microscopy	7.5	A
FAFN35	Medicinsk optik	Medical Optics	7.5	A
FAFN40	Kvantinformation	Quantum Information	7.5	A
FBRF01	Grundläggande förbränning	Fundamental Combustion	7.5	G2
FBRN05	Laserbaserad diagnostik	Laser-Based Diagnostics	7.5	A
FBRN10	Biofotonik	Biophotonics	7.5	A
FFFA02	Nanovetenskap och nanoteknik - en introduktion	Nanoscience and Nanotechnology - an Introduction	7.5	G1
FFFF01	Elektroniska material	Electronic Materials	7.5	G2
FFFF05	Fasta tillståndets fysik	Solid State Physics	7.5	G2
FFFF10	Process- och komponentteknologi	Processing and Device Technology	7.5	G2
FFFN01	Avancerad framställning av nanostrukturer	Advanced Processing of Nanostructures	7.5	A
FFFN05	Nanomaterial - Termodynamik och kinetik	Nanomaterials - Thermodynamics and Kinetics	7.5	A
FFFN20	Experimentell biofysik	Experimental Biophysics	15.0	A
FFFN25	Optoelektronik och optisk kommunikation	Optoelectronics and Optical Communication	7.5	A
FFFN30	Halvledarfysik	Semiconductor Physics	7.5	A
FFFN35	Fysiken för låg-dimensionella strukturer och kvantkomponenter	The Physics of Low-dimensional Structures and Quantum Devices	7.5	A
FHLA05	Teknisk mekanik	Engineering Mechanics	7.5	G1
FHLA10	Hållfasthetslära, grundkurs	Solid Mechanics, Basic Course	4.5	G1
FHLF01	Finita elementmetoden	Finite Element Method	6.0	G2
FHLF10	Finita elementmetoden och introduktion till materialmekanik	Finite Element Method and Introduction to Strength of Materials	7.5	G2
FHLF15	Hållfasthetslära, allmän kurs	Solid Mechanics, Basic Course	15.0	G2
FHLF20	Finita elementmetoden	Finite Element Method	7.5	G2
FHLL01	Kandidatarbete i hållfasthetslära	Bachelor Project in Solid Mechanics	15.0	G2
FHLM01	Examensarbete i hållfasthetslära	Degree Project in Solid Mechanics for Engineers	30.0	A
FHLN01	Strukturoptimering	Structural Optimization	7.5	A
FHLN05	Beräkningsbaserad materialmodellering	Computational Inelasticity	7.5	A
FHLN10	Modern experimentell mekanik 	Modern Experimental Mechanics	7.5	A
FHLN20	Finita elementmetoden - olinjära system	Finite Element Method for Non-linear Systems	7.5	A
FHLN25	Brottmekanik, fortsättningskurs	Fracture Mechanics, Advanced Course	7.5	A
FHLN35	Projekt i hållfasthetslära	Project in Solid Mechanics	7.5	A
FKFF05	Atmosfärskemi och -fysik	Atmospheric Chemistry and Physics	5.0	G2
FKFN20	Kärnfysik, fördjupningskurs	Nuclear Physics, Advanced Course	7.5	A
FKFN25	Tillämpad kärn-, neutron- och reaktorfysik	Applied Nuclear, Neutron and Reactor Physics	7.5	A
FKFN30	Modern subatomär fysik	Modern Subatomic Physics	7.5	A
FKFN35	Miljömätteknik	Methods for Environmental Monitoring	7.5	A
FKMA01	Konstruktionsmaterial, allmän kurs	Materials Engineering, Basic Course	7.5	G1
FKMA05	Material	Materials	6.0	G1
FKML01	Kandidatarbete i konstruktionsmaterial	Bachelor Project in Engineering Materials	15.0	G2
FKMM01	Examensarbete i konstruktionsmaterial	Degree Project in Engineering Materials	30.0	A
FKMN05	Pulverteknologi	Powder Technology	7.5	A
FKMN10	Högtemperaturmaterial	High Temperature Materials	7.5	A
FKMN15	Lätta material	Light Materials	7.5	A
FKMN20	Avancerad materialteknologi	Advanced Materials Technology	7.5	A
FKMN25	Projekt - materialteknik	Project - Materials Engineering	7.5	A
FMAA20	Linjär algebra med introduktion till datorhjälpmedel	Linear Algebra with Introduction to Computer Tools	7.5	G1
FMAA50	Matematisk analys	Calculus	13.5	G1
FMAA55	Matematik, linjär algebra	Mathematics, Linear Algebra	4.5	G1
FMAA60	Introduktion till reell analys	Introduction to Real Analysis	7.5	G1
FMAB20	Linjär algebra	Linear Algebra	6.0	G1
FMAB30	Flerdimensionell analys	Calculus in Several Variables	6.0	G1
FMAB35	Flerdimensionell analys med vektoranalys	Calculus in Several Variables	7.5	G1
FMAB40	Matematisk modellering	Mathematical Modelling	4.0	G1
FMAB45	Endimensionell analys A1	Calculus in One Variable A1	5.0	G1
FMAB50	Endimensionell analys A2	Calculus in One Variable A2	5.0	G1
FMAB55	Matematisk kommunikation	Mathematical Communication	5.0	G1
FMAB60	Endimensionell analys A3	Calculus in One Variable A3	5.0	G1
FMAB65	Endimensionell analys B1	Calculus in One Variable B1	7.5	G1
FMAB70	Endimensionell analys B2	Calculus in One Variable B2	7.5	G1
FMAB75	Diskret matematik	Discrete Mathematics	7.5	G1
FMAF01	Matematik - Funktionsteori	Mathematics - Analytic Functions	7.0	G2
FMAF05	Matematik - System och transformer	Mathematics - Systems and Transforms	7.0	G2
FMAF10	Tillämpad matematik - Linjära system	Applied Mathematics - Linear systems	5.0	G2
FMAF25	Matematisk modellering med statistiska tillämpningar, projekt	Mathematical Modelling with Statistical Applications, Project	3.0	G2
FMAF35	Linjär och kombinatorisk optimering	Linear and Combinatorial Optimization	6.0	G2
FMAL01	Kandidatarbete i matematik	Bachelor Project in Mathematics	15.0	G2
FMAM02	Masterexamensarbete i matematik	Degree Project in Mathematics	30.0	A
FMAM05	Examensarbete i matematik	Degree Project in Mathematics for Engineers	30.0	A
FMAN01	Biomatematik	Biomathematics	7.5	A
FMAN10	Algebraiska strukturer	Algebraic Structures	7.5	A
FMAN15	Olinjära dynamiska system	Nonlinear Dynamical Systems	7.5	A
FMAN20	Bildanalys	Image Analysis	7.5	A
FMAN25	Variationskalkyl	Calculus of Variations	7.5	A
FMAN30	Medicinsk bildanalys	Medical Image Analysis	7.5	A
FMAN35	Projekt i matematik	Project in Mathematics	3.0	A
FMAN40	Projekt i tillämpad matematik	Project in Applied Mathematics	3.0	A
FMAN45	Maskininlärning	Machine Learning	7.5	A
FMAN50	Internationell projektkurs - matematisk modellering	International Project Course - Mathematical Modelling	3.0	A
FMAN55	Kontinuerliga system	Applied Mathematics	7.5	A
FMAN60	Optimering	Optimization	6.0	A
FMAN65	Matematiska strukturer	Mathematical Structures	6.0	A
FMAN70	Matristeori	Matrix Theory	6.0	A
FMAN80	Funktionalanalys och harmonisk analys	Functional Analysis and Harmonic Analysis	7.5	A
FMAN90	Fördjupningskurs i valt område av matematiken	Advanced Course in a Selected Area of Mathematics	7.5	A
FMAN95	Datorseende	Computer Vision	7.5	A
FMEA10	Mekanik, grundkurs	Engineering Mechanics, Basic Course	9.0	G1
FMEA20	Mekanik - Dynamik	Mechanics - Dynamics	6.0	G1
FMEA30	Mekanik	Engineering Mechanics	15.0	G1
FMEA35	Mekanik I	Engineering Mechanics I	6.0	G1
FMEL01	Kandidatarbete i mekanik	Bachelor Project in Mechanics	15.0	G2
FMEM01	Examensarbete i mekanik	Degree Project in Mechanics for Engineers	30.0	A
FMEN02	Flerkroppsdynamik	Multibody Dynamics	7.5	A
FMEN11	Mekaniska vibrationer	Mechanical Vibrations	7.5	A
FMEN15	Analytisk mekanik	Analytical Mechanics	7.5	A
FMEN21	Kontinuumsmekanik	Continuum Mechanics	7.5	A
FMEN25	Nanomekanik och flerskalig modellering	Nano Mechanics and Multiscale Modelling	7.5	A
FMEN30	Utmattning - ingenjörs- och materialaspekter	Fatigue	7.5	A
FMEN35	Projekt - Teknisk mekanik	Project - Engineering Mechanics	7.5	A
FMFF01	Vektoranalys	Vector Analysis	3.0	G2
FMFF05	Statistisk termodynamik med tillämpningar	Thermodynamics with Applications	6.0	G2
FMFF15	Kvantmekanik och matematiska metoder	Quantum Mechanics and Mathematical Methods	7.5	G2
FMFF20	Nanoteknikens matematiska metoder	Mathematical Methods of Nanotechnology	7.5	G2
FMFF30	Relativitetsteori	Theory of Relativity	4.5	G2
FMFN01	Kvantmekanik, fortsättningskurs 1	Quantum Mechanics, Advanced Course 1	7.5	A
FMFN05	Kaos	Chaos	7.5	A
FMFN10	Kvantmekanik, fortsättningskurs 2	Quantum Mechanics, Advanced Course 2	7.5	A
FMFN15	Kärnstrukturteori	Theory of Nuclear Structure	7.5	A
FMFN25	Statistisk mekanik	Statistical Mechanics	7.5	A
FMIA01	Miljövetenskap	Environmental Technology	4.0	G1
FMIF01	Miljösystemanalys: Management för hållbar utveckling	Environmental System Studies: Management for Sustainable Development	6.0	G2
FMIF05	Miljö och management	Environmental Management	12.0	G2
FMIF10	Miljösystemanalys och hållbar utveckling	Environmental Systems Studies and Sustainable Development	6.0	G2
FMIF20	Miljöfrågor i ett internationellt perspektiv	Environmental Issues	7.5	G2
FMIF35	Hållbar utveckling med elektrotekniskt perspektiv	Sustainable Development from an Electro-technological Perspective	4.0	G2
FMIF40	Avfallshantering och resurshushållning	Solid Waste Management and Resource Management	15.0	G2
FMIF45	Hållbarhet och resursanvändning med perspektiv på informations- och kommunikationsteknik	Sustainability and Resource Use with Perspectives on Information and Communication Technology	4.0	G2
FMIF50	Miljövetenskap med miljökemisk profil	Environmental Science, Especially Environmental Chemistry	6.0	G2
FMIF55	Hållbar utveckling	Sustainable Development	3.0	G2
FMIL01	Kandidatarbete i miljö- och energisystem	Bachelor Project in Environmental Studies	15.0	G2
FMIM01	Examensarbete i miljö- och energisystem	Degree Project in Environmental Studies	30.0	A
FMIN05	Miljösystemanalys: Klimat som vetenskap och politik	Environmental System Studies: Climate, Science and Politics	7.5	A
FMIN15	Miljöledning och hållbarhetsredovisning	Environmental Management Systems	7.5	A
FMIN20	Energisystemanalys: Förnybara energikällor	Energy Systems Analysis: Renewable Sources of Energy	7.5	A
FMIN25	Energisystemanalys: energi, miljö och naturresurser	Energy Systems Analysis: Energy, Environment and Natural Resources	7.5	A
FMIN30	Miljösystemanalys, livscykelanalys	Environmental Systems Studies: Life Cycle Analysis	7.5	A
FMIN45	Miljökonsekvensbeskrivning	Environmental Impact Assessment	7.5	A
FMIN50	Miljöfrågor i ett internationellt perspektiv, projektkurs	Environmental Issues, Project Course	7.5	A
FMNF05	Numerisk analys	Numerical Analysis	6.0	G2
FMNF10	Numerisk analys	Numerical Analysis	6.0	G2
FMNF15	Beräkningsprogrammering	Scientific Computing	6.0	G2
FMNL01	Kandidatarbete i numerisk analys	Bachelor Project in Numerical Analysis	15.0	G2
FMNM01	Examensarbete i numerisk analys	Degree Project in Numerical Analysis	30.0	A
FMNN01	Numerisk linjär algebra	Numerical Linear Algebra	7.5	A
FMNN05	Simuleringsverktyg	Simulation Tools	7.5	A
FMNN10	Numeriska metoder för differentialekvationer	Numerical Methods for Differential Equations	8.0	A
FMNN25	Avancerad kurs i numeriska algoritmer med Python/SciPy	Advanced Course in Numerical Algorithms with Python/SciPy	7.5	A
FMNN30	Iterativ lösning av storskaliga system i beräkningsteknik	Iterative Solution of Large Scale Systems in Scientific Computing	7.5	A
FMSF05	Sannolikhetsteori	Probability Theory	7.5	G2
FMSF10	Stationära stokastiska processer	Stationary Stochastic Processes	7.5	G2
FMSF15	Markovprocesser	Markov Processes	7.5	G2
FMSF20	Matematisk statistik, allmän kurs	Mathematical Statistics, Basic Course	7.5	G2
FMSF25	Matematisk statistik - kompletterande projekt	Mathematical Statistics - Complementary Project	2.5	G2
FMSF30	Matematisk statistik	Mathematical Statistics	5.0	G2
FMSF35	Grundläggande sannolikhetsteori	Basic Probability Theory	4.0	G2
FMSF40	Sannolikhetsteori och diskret matematik	Probability Theory and Discrete Mathematics	7.5	G2
FMSF50	Matematisk statistik, allmän kurs	Mathematical Statistics, Basic Course	7.5	G2
FMSF55	Matematisk statistik, allmän kurs	Mathematical Statistics, Basic Course	7.5	G2
FMSF60	Statistiska metoder för säkerhetsanalys	Statistical Methods for Safety Analysis	7.5	G2
FMSF65	Försöksplanering	Design of Experiments	7.5	G2
FMSF70	Matematisk statistik	Mathematical Statistics	7.5	G2
FMSF75	Matematisk statistik, allmän kurs	Mathematical Statistics, Basic Course	7.5	G2
FMSF80	Matematisk statistik, allmän kurs	Mathematical Statistics, Basic Course	9.0	G2
FMSL01	Kandidatarbete i matematisk statistik	Bachelor Project in Mathematical Statistics	15.0	G2
FMSM01	Examensarbete i matematisk statistik	Degree Project in Mathematical Statistics for Engineers	30.0	A
FMSM05	Masterexamensarbete i matematisk statistik	Degree Project in Mathematical Statistics	30.0	A
FMSN15	Statistisk modellering av multivariata extremvärden	Statistical Modelling of Multivariate Extreme Values	7.5	A
FMSN20	Spatial statistik med bildanalys	Spatial Statistics with Image Analysis	7.5	A
FMSN25	Prissättning av derivattillgångar	Valuation of Derivative Assets	7.5	A
FMSN30	Linjär och logistisk regression	Linear and Logistic Regression	7.5	A
FMSN35	Stationär och icke-stationär spektralanalys	Stationary and Non-stationary Spectral Analysis	7.5	A
FMSN40	Linjär och logistisk regression med datainsamling	Linear and Logistic Regression with Data Gathering	9.0	A
FMSN45	Matematisk statistik, tidsserieanalys	Mathematical Statistics, Time Series Analysis	7.5	A
FMSN50	Monte Carlo-baserade statistiska metoder	Monte Carlo and Empirical Methods for Stochastic Inference	7.5	A
FMSN55	Statistisk modellering av extremvärden	Statistical Modelling of Extreme Values	7.5	A
FMSN60	Finansiell statistik	Financial Statistics	7.5	A
FRTF01	Fysiologiska modeller och beräkningar	Physiological Models and Computations	5.0	G2
FRTF05	Reglerteknik, allmän kurs	Automatic Control, Basic Course	7.5	G2
FRTF10	Systemteknik	Systems Engineering	6.0	G2
FRTF15	Reglerteori	Control Theory	3.0	G2
FRTF20	Tillämpad robotteknik	Applied Robotics	7.5	G2
FRTF25	Introduktion till maskininlärning, system och reglering	Introduction to Machine Learning, Systems and Control	7.5	G2
FRTL01	Kandidatarbete i reglerteknik	Bachelor Project in Automatic Control	15.0	G2
FRTM01	Examensarbete i reglerteknik	Degree Project in Automatic Control 	30.0	A
FRTM05	Masterexamensarbete i reglerteknik	Degree Project in Automatic Control	30.0	A
FRTN01	Realtidssystem	Real-Time Systems	10.0	A
FRTN05	Olinjär reglering och servosystem	Non-Linear Control and Servo Systems	7.5	A
FRTN15	Prediktiv reglering	Predictive Control	7.5	A
FRTN25	Processreglering	Automatic Process Control	7.5	A
FRTN30	Nätverksdynamik	Network Dynamics	7.5	A
FRTN35	Systemidentifiering	System Identification	7.5	A
FRTN40	Projekt i reglerteknik	Project in Automatic Control	7.5	A
FRTN45	Matematisk modellering, fortsättningskurs	Mathematical Modelling, Advanced Course	4.5	A
FRTN50	Optimering för maskininlärning	Optimization for Learning	7.5	A
FRTN55	Reglerteknik, fortsättningskurs	Automatic Control, Advanced Course	7.5	A
FRTN60	Realtidssystem	Real-Time Systems	7.5	A
FRTN65	Modellering och inlärning från data	Modelling and Learning from Data	7.5	A
FRTN70	Projekt i system, reglering och maskininlärning	Project in Systems, Control and Learning	7.5	A
GEMA01	Franska för tekniker: språk, kultur och samhällsliv, grundkurs	French for Engineers: Language, Culture and Society, First Course	7.5	G1
GEMA20	Engelska för tekniker	English for Engineers	7.5	G1
GEMA25	Tyska för tekniker	German for Engineers	7.5	G1
GEMA65	Kinesiska för tekniker	Chinese for Engineers	7.5	G1
GEMA70	Japanska för tekniker	Japanese for Engineers	15.0	G1
IDEA02	Designerns verktyg	Tools for a Designer	15.0	G1
IDEA05	2D-tekniker	2D Techniques	5.0	G1
IDEA21	Industridesignprojekt A	Industrial Design Project A	6.0	G1
IDEA25	Inspirationskurs i industridesign, del 1:2	Inspiring Introduction to Industrial Design, part 1 of 2	1.0	G1
IDEA35	Designerns verktyg	Designer Tools	6.0	G1
IDEA46	Industridesignprojekt B	Industrial Design Project B	9.0	G1
IDEA50	Ljus och färg, projekt	Light and Colour, Project	4.0	G1
IDEA56	Avancerad skissteknik	Advanced Sketching	3.0	G1
IDEA75	Designmetodik	Design Methodology	5.0	G1
IDEA76	Designmetodik	Design Methodology	13.0	G1
IDEA80	Design management 1	Design Management 1	7.0	G1
IDEA85	3D-modellering och rendering, del 1	3D Modelling and Rendering, Part 1	2.0	G1
IDEA90	3D-modellering och rendering, del 2	3D Modelling and Rendering, Part 2	3.0	G1
IDEA95	Verkstadsintroduktion	Introduction to Workshop Training	6.0	G1
IDEB01	Inspirationskurs i industridesign, del 2:2	Inspiring Introduction to Industrial Design, Part 2 of 2	3.0	G1
IDEF06	Portföljteknik	Portfolio Technique	3.0	G2
IDEF11	Industridesignprojekt C	Industrial Design Project C	11.0	G2
IDEF20	Designprojekt	Project in Technical Design	10.0	G2
IDEF25	Introduktion	Introduction	5.0	G2
IDEL01	Examensarbete för konstnärlig kandidatexamen i design	Degree Project for Bachelor of Fine Arts in Design	15.0	G2
IDEM05	Examensarbete för konstnärlig masterexamen i design	Degree Project for Master of Fine Arts in Design	30.0	A
IDEN05	Industridesignprojekt I	Industrial Design Project I	15.0	A
IDEN10	Industridesignprojekt II	Industrial Design Project II	20.0	A
IDEN25	Industridesignprojekt III	Industrial Design Project III	20.0	A
IDEN35	Forskningsmetodik i industridesign	Research Methods in Industrial Design	5.0	A
IDEN40	Design management 2	Design Management 2	5.0	A
IDEN45	CAD evolution	CAD Evolution	5.0	A
IDEN50	Entreprenörskap och projektledning	Entrepreneurship and Project Management	7.5	A
IDEN55	Projekt i teknisk design	Project in Technical Design	15.0	A
IDEN60	Ytbaserad modellering, rendering och design	Surface-based Modelling, Rendering and Design	7.5	A
INNA01	Entreprenörskap - att bygga en skalbar start-up	Entrepreneurship - how to Build a Scalable Start-up	7.5	G1
INNM01	Examensarbete i innovation	Degree Project in Innovation	30.0	A
INNN10	Globalisering och innovation	Globalization and Innovation	7.5	A
INNN15	Innovationsmanagement	Innovation Management	7.5	A
INTM01	Examensarbete i innovationsteknik	Degree Project in Innovation Engineering	30.0	A
INTN01	Innovationsteknik	Innovation Engineering	7.5	A
IYT000	Ingenjörsinriktad yrkesträning	Engineering Training Course	15.0	G2
KAKF05	Analytisk kemi	Analytical Chemistry	7.5	G2
KAKL01	Kandidatarbete i teknisk analytisk kemi	Bachelor Project in Technical Analytical Chemistry	15.0	G2
KAKM01	Masterexamensarbete i teknisk analytisk kemi	Degree Project in Technical Analytical Chemistry	30.0	A
KASA01	Grundläggande kemi	Fundamental Chemistry	9.0	G1
KASA05	Organisk kemi	Organic Chemistry	5.0	G1
KASA10	Oorganisk kemi	Inorganic Chemistry	7.5	G1
KASF01	Miljökemi	Environmental Chemistry	7.5	G2
KASF05	Material- och polymerteknologi	Materials and Polymer Technology	7.5	G2
KASF10	Funktionella material	Functional Materials	7.5	G2
KASF15	Analys på nanoskalan	Materials Analysis at the Nanoscale	7.5	G2
KASM01	Examensarbete i teknisk analytisk kemi	Degree Project in Technical Analytical Chemistry	30.0	A
KASM05	Examensarbete i organisk kemi	Degree Project in Organic Chemistry	30.0	A
KASM10	Examensarbete i materialkemi	Degree Project in Materials Chemistry	30.0	A
KASM15	Examensarbete i polymerteknologi	Degree project in Polymer Technology	30.0	A
KASN05	Kromatografisk analys	Chromatographic Analysis	7.5	A
KASN10	Materialkemi	Materials Chemistry	7.5	A
KASN15	Mikroskopisk karaktärisering av material	Microscopic Characterization of Materials	7.5	A
KASN20	Polymerfysik	Polymer Physics	7.5	A
KASN25	Polymerkemi	Polymer Chemistry	7.5	A
KASN40	Projektkurs i läkemedel, material eller kemi	Project in Pharmaceuticals, Materials or Chemistry	15.0	A
KASN45	Avancerad analytisk kemi	Advanced Analytical Chemistry	7.5	A
KBKA05	Teknisk biologi	Technical Biology	7.5	G1
KBKA10	Biokemi	Biochemistry	7.5	G1
KBKF01	Genteknik	Gene Technology	7.5	G2
KBKF05	Cellbiologi	Cell biology	7.5	G2
KBKF10	Kurs i syntetisk biologi	Course in Synthetic Biology	15.0	G2
KBKL01	Kandidatarbete i tillämpad biokemi	Bachelor Project in Applied Biochemistry	15.0	G2
KBKM01	Masterexamensarbete i tillämpad biokemi	Degree Project in Applied Biochemistry	30.0	A
KBKM05	Examensarbete i tillämpad biokemi	Degree Project in Applied Biochemistry	30.0	A
KBKN01	Enzymteknologi	Enzyme Technology	7.5	A
KBKN05	Protein Engineering	Protein Engineering	7.5	A
KBKN10	Bioinformatik	Bioinformatics	7.5	A
KBTA05	Inledande bioteknik	Introduction to Biotechnology	7.5	G1
KBTF05	Grön kemi och bioteknik	Green Chemistry and Biotechnology	7.5	G2
KBTF10	Miljöbioteknik	Environmental Biotechnology	7.5	G2
KBTF15	Bioprocessteknik	Bioprocess Technology	7.5	G2
KBTL01	Kandidatarbete i bioteknik	Bachelor Project in Biotechnology	15.0	G2
KBTM01	Masterexamensarbete i bioteknik	Degree Project in Biotechnology	30.0	A
KBTM05	Examensarbete i bioteknik	Degree Project in Biotechnology 	30.0	A
KBTN01	Bioanalys	Bio Analytical Chemistry	7.5	A
KBTN05	Separationsprocesser i bioteknik	Downstream Processing in Biotechnology	7.5	A
KBTN10	Bioteknik, projektering	Biotechnology, Process and Plant Design	15.0	A
KETA05	Introduktion till kemiteknik	Introduction to Chemical Engineering	7.5	G1
KETA10	Processberäkningar	Chemical Process Calculations	7.5	G1
KETF01	Transportprocesser	Transport Phenomena, Basic Course	9.0	G2
KETF05	Projektlaboration i kemiteknik	Chemical Engineering, Project Laboratory	7.5	G2
KETF10	Separationsprocesser	Separation Processes, Basic Course	7.5	G2
KETF20	Kemitekniska processer	Chemical Engineering Processes	7.5	G2
KETF25	Reaktionsteknik	Reaction Engineering	7.5	G2
KETF30	Energiteknik	Heat Engineering	7.5	G2
KETF35	Processriskanalys	Loss Prevention	7.5	G2
KETF40	Masstransport i naturliga och tekniska system	Mass Transfer Processes in Environmental Engineering	15.0	G2
KETL01	Kandidatarbete i kemiteknik	Bachelor Project in Chemical Engineering	15.0	G2
KETM01	Masterexamensarbete i kemiteknik	Degree Project in Chemical Engineering	30.0	A
KETM05	Examensarbete i kemiteknik	Degree Project in Chemical Engineering	30.0	A
KETN01	Processimulering	Process Simulation	7.5	A
KETN10	Tillämpade transportprocesser	Applied Transport Phenomena	7.5	A
KETN20	Hållbar processdesign	Sustainable Process Design	15.0	A
KETN25	Projektering	Feasibility Studies on Industrial Plants	15.0	A
KETN30	Biokemisk reaktionsteknik	Biochemical Reaction Engineering	7.5	A
KFKA05	Molekylära drivkrafter 1: Termodynamik	Molecular Driving Forces 1: Thermodynamics	7.5	G1
KFKA10	Termodynamik och ytkemi	Thermodynamics and Surface Chemistry	8.0	G1
KFKF01	Molekylära drivkrafter 2: Växelverkan och dynamik	Molecular Driving Forces 2: Interactions and Dynamics	7.5	G2
KFKL01	Kandidatarbete i biofysikalisk kemi	Bachelor Project in Biophysical Chemistry	15.0	G2
KFKM05	Examensarbete i biofysikalisk kemi	Degree Project in Biophysical Chemistry	30.0	A
KFKN01	Magnetisk resonans - spektroskopi och avbildning	Magnetic Resonance - Spectroscopy and Imaging	7.5	A
KFKN05	Yt- och kolloidkemi	Surface and Colloid Chemistry	7.5	A
KFKN10	Biofysikalisk kemi	Biophysical Chemistry	7.5	A
KIIF01	Industriellt miljöarbete	Industrial Environmental Management	7.5	G2
KIML01	Kandidatarbete i immunteknologi	Bachelor Project in Immunotechnology	15.0	G2
KIMM01	Masterexamensarbete i immunteknologi	Degree Project in Immunotechnology	30.0	A
KIMM05	Examensarbete i immunteknologi	Degree Project in Immunotechnology	30.0	A
KIMN01	Immunteknologi	Immunotechnology	7.5	A
KIMN10	Biologiska läkemedel	Biopharmaceuticals	7.5	A
KKK000	Fördjupningskurs i ett eller flera ämnen	Advanced course in one or more subjects	15.0	A
KLGA01	Livsvetenskapliga processer med beräkningar	Life Science Processes and Calculations	7.5	G1
KLGL01	Kandidatarbete i läkemedelsteknologi	Bachelor Project in Pharmaceutical Technology	15.0	G2
KLGM01	Masterexamensarbete i livsmedelsteknologi	Degree Project in Food Technology	30.0	A
KLGM05	Masterexamensarbete i läkemedelsteknologi	Degree Project in Pharmaceutical Technology	30.0	A
KLGM10	Examensarbete i livsmedelsteknologi	Degree Project in Food Technology	30.0	A
KLGM15	Examensarbete i läkemedelsteknologi	Degree Project in Pharmaceutical Technology	30.0	A
KLGN01	Probiotika	Probiotics	7.5	A
KLGN10	Kemometri - försöksplanering och multivariat analys	Chemometrics - Design of Experiments and Multivariate Analysis	7.5	A
KLGN15	Livsmedelsindustrins relation till samhälle och konsument	The Relationship between Food Industry, Society and Consumers	7.5	A
KLGN20	Livsmedelsteknik	Food Engineering	7.5	A
KLGN25	Livsmedelsteknologi för formulering	Food Technology for Formulation	7.5	A
KLGN30	Livsmedelskemi och nutrition 	Food Chemistry and Nutrition	7.5	A
KLGN35	Läkemedelsformulering	Drug Formulation	7.5	A
KLGN50	Projekt: Utveckling av livsmedelsprodukter	Project in Food Product Development	15.0	A
KLGN55	Livsmedel och kost - Fysiologiska effekter och konsekvenser	Food and Diet - Physiological Effects and Consequences 	7.5	A
KLGN60	Läkemedelsformulering och produktion	Drug Formulation and Production	7.5	A
KLTF01	Mejeriteknologi	Dairy Technology	7.5	G2
KLTF05	Mejeriprocesser	Dairy Processing	7.5	G2
KLTL01	Kandidatarbete i livsmedelsteknik	Bachelor Project in Food Engineering	15.0	G2
KLTL02	Kandidatarbete i livsmedelsteknologi	Bachelor Project in Food Technology	15.0	G2
KLTM01	Masterexamensarbete i livsmedelsteknik	Degree Project in Food Engineering	30.0	A
KLTM05	Examensarbete i livsmedelsteknik	Degree Project in Food Engineering	30.0	A
KMBA01	Mikrobiologi	Microbiology	7.5	G1
KMBF01	Molekylär cellbiologi	Molecular Cell Biology	15.0	G2
KMBF05	Livsmedelsmikrobiologi	Food Microbiology	7.5	G2
KMBF10	Kvalitet och produktsäkerhet	Quality and Product Safety	7.5	G2
KMBL01	Kandidatarbete i teknisk mikrobiologi	Bachelor Project in Applied Microbiology	15.0	G2
KMBM01	Masterexamensarbete i teknisk mikrobiologi	Degree Project in Applied Microbiology	30.0	A
KMBM05	Examensarbete i teknisk mikrobiologi	Degree Project in Applied Microbiology	30.0	A
KMBN02	Projekt i livsvetenskaper	Project in Life Science	15.0	A
KMBN05	Metabolic engineering	Metabolic Engineering	7.5	A
KNLM01	Masterexamensarbete i industriell näringslära och livsmedelskemi	Degree Project in Applied Nutrition and Food Chemistry	30.0	A
KNLM05	Examensarbete i industriell näringslära och livsmedelskemi	Degree Project in Applied Nutrition and Food Chemistry	30.0	A
KOKA20	Allmän och organisk kemi	General and Organic Chemistry	7.5	G1
KOKA25	Organisk kemi	Organic Chemistry	7.5	G1
KOKA30	Allmän, oorganisk och organisk kemi	General, Inorganic and Organic Chemistry	12.0	G1
KOKL01	Kandidatarbete i organisk kemi	Bachelor Project in Organic Chemistry	15.0	G2
KOKN01	Läkemedelskemi	Medicinal Chemistry	7.5	A
KOKN05	Organisk kemi - teori 	Organic Chemistry - Theory	7.5	A
KOOA05	Allmän kemi	General Chemistry	8.0	G1
KOOA15	Allmän kemi	General Chemistry	7.5	G1
KOOA20	Inledande kemi	Introductory Chemistry	7.5	G1
KOOF01	Tillämpad vattenkemi	Applied Aquatic Chemistry	5.0	G2
KOOL01	Kandidatarbete i materialkemi	Bachelor Project in Materials Chemistry	15.0	G2
KPOL01	Kandidatarbete i polymerteknologi	Bachelor Project in Polymer Technology	15.0	G2
MAMA15	Interaktionsdesign, grundkurs	Interaction Design, Basic Course	7.5	G1
MAMF15	Arbetsorganisation och ledarskap	Work Organization and Management	6.0	G2
MAMF21	Arbetsmiljö, hälsa och säkerhet	Working Environment, Occupational Health and Safety	7.5	G2
MAMF25	Företagsförlagd praktik	Working Environment, Trainee Course	7.5	G2
MAMF30	Ergonomi	Ergonomics	6.0	G2
MAMF35	Människan i extrema miljöer	Human in Extreme Environments	7.5	G2
MAMF40	Projekt årskurs 3	Project Year 3	7.5	G2
MAMF45	Virtual Reality i teori och praktik	Virtual Reality in Theory and Practice	7.5	G2
MAMF50	Användbarhetsutvärdering	Usability Evaluation	7.5	G2
MAMF55	Aerosolteknologi	Aerosol Technology	7.5	G2
MAML05	Examensarbete i interaktionsdesign	Degree Project in Interaction Design	22.5	G2
MAML10	Kandidatarbete i aerosolteknologi	Bachelor Project in Aerosol Technology	15.0	G2
MAML15	Kandidatarbete i interaktionsdesign	Bachelor Project in Interaction Design	15.0	G2
MAMM01	Examensarbete i interaktionsdesign	Degree Project in Interaction Design	30.0	A
MAMM05	Examensarbete i aerosolteknologi	Degree Project in Aerosol Technology	30.0	A
MAMM10	Examensarbete i ergonomi	Degree Project in Ergonomics	30.0	A
MAMN01	Avancerad interaktionsdesign	Advanced Interaction Design	7.5	A
MAMN10	Interaktion 1: Neuromodellering, kognitiv robotik och agenter	Interaction 1: Neuro Modelling, Cognitive Robotics and Agents	7.5	A
MAMN15	Interaktion 2: Virtualitet och kognitiv modellering	Interaction 2: Virtuality and Cognitive Modelling	7.5	A
MAMN20	Aerosolteknologi, projekt	Aerosol Technology Project	7.5	A
MAMN25	Interaktionsdesign	Interaction Design	7.5	A
MAMN30	Ledarskap, arbetsorganisation och projektledning	Management, Work Organisation and Project Management	7.5	A
MAMN35	Riskanalysmetoder för hälsa- och miljöområdet	Risk Analysis Methods for Health and Environment 	7.5	A
MAMN40	Arbete-människa-teknik, projekt	Working Environment, Project	7.5	A
MAMN45	Människa, teknik, organisation och hantering av risker	People, Technology, Organization and Risk Management	7.5	A
MIOA01	Industriell ekonomi, allmän kurs	Managerial Economics, Basic Course	9.0	G1
MIOA05	Entreprenörskap	Entrepreneurship	3.0	G1
MIOA12	Industriell ekonomi, allmän kurs	Managerial Economics, Basic Course	6.0	G1
MIOA15	Industriell ekonomi, allmän kurs	Managerial Economics, Basic Course	7.5	G1
MIOF01	Marknadsföring och globalisering	Marketing and Globalization	9.0	G2
MIOF05	Projekt i industriell ekonomi, fortsättningskurs	Project in Managerial Economics, Advanced Course	2.0	G2
MIOF10	Material- och produktionsstyrning	Production and Inventory Control	7.5	G2
MIOF15	Marknadsföring 	Marketing	7.5	G2
MIOF20	Företagsorganisation	Management Organization	6.0	G2
MIOF25	Industriell ekonomi, fortsättningskurs	Managerial Economics, Advanced Course	6.0	G2
MIOF30	Optimering och simulering	Operations Research - Basic Course	6.0	G2
MIOL01	Kandidatarbete i produktionsekonomi	Bachelor Project in Production Management	15.0	G2
MIOM01	Masterexamensarbete i produktionsekonomi	Degree project in Production Management	30.0	A
MIOM05	Examensarbete i produktionsekonomi	Degree Project in Production Management	30.0	A
MION01	Styrning av produktionssystem och materialflöden	Management of Production and Inventory Systems	7.5	A
MION05	Affärsmarknadsföring	Business Marketing	7.5	A
MION20	Tillämpad affärsanalys	Applied Business Analysis	7.5	A
MION25	Teknologistrategier	Technology Strategy	7.5	A
MION30	Industriell management	Industrial Management	7.5	A
MION40	Simulering av industriella processer och logistiksystem	Simulation of Industrial Processes and Logistic Systems	7.5	A
MION45	Produktionsstrategi	Operations Strategy	7.5	A
MION50	Kvalitetsstyrning	Quality Management	7.5	A
MMEF01	Tribologi	Tribology	5.0	G2
MMEF05	Transmissioner	Transmissions	7.5	G2
MMEM01	Examensarbete i maskinelement	Degree Project in Machine Elements	30.0	A
MMEN01	Transmissioner, dimensionering	Transmissions, Dimensioning	7.5	A
MMEN05	Transmissioner, dynamik	Transmissions, Dynamics	7.5	A
MMKA20	Produktutveckling	Product Development	4.0	G1
MMKA25	Ritteknik/datorstödd ritning	Manual and Computer Aided Drafting	6.0	G1
MMKF01	Utvecklingsmetodik	Product Development and Design Methodology	5.0	G2
MMKF05	Utvecklingsmetodik	Product Development and Design Methodology	7.5	G2
MMKF25	Ytmodellering, rendering och 3D	Surface Modelling, Rendering and 3D	7.5	G2
MMKF30	Hydraulik och pneumatik	Hydraulics and Pneumatics	7.5	G2
MMKF35	Design i företag	Industrial Design	7.5	G2
MMKF45	Digital prototypframtagning	Rapid Prototyping	7.5	G2
MMKL05	Kandidatarbete i teknisk design	Bachelor Project in Technical Design	15.0	G2
MMKM05	Examensarbete i produktutveckling	Degree Project in Product Development	30.0	A
MMKM10	Examensarbete i teknisk design	Degree Project in Technical Design	30.0	A
MMKN11	Konstruktion för X	Design for X	7.5	A
MMKN21	Konstruktion i termoplastiska material	Design in Thermoplastic Materials	7.5	A
MMKN35	Produktinnovation	Product Innovation	7.5	A
MMKN41	Konstruktion i polymera kompositmaterial	Design in Polymer Composite Materials	7.5	A
MMKN46	Datorbaserad konstruktionsanalys 1	Computer Based Engineering, Design Analysis 1	7.5	A
MMKN51	Datorbaserad konstruktionsanalys 2	Computer Based Engineering, Design Analysis 2	7.5	A
MMKN55	Konstruktionsteknik	Engineering Design Techniques	7.5	A
MMKN65	Projekt - Maskinkonstruktion	Project - Machine Design	7.5	A
MMTA02	Introduktion till maskinteknik	Introduction to Mechanical Engineering	6.0	G1
MMTA05	Industriella produktionssystem	Production Systems	6.0	G1
MMTF01	Produktion	Production	6.0	G2
MMTF05	Produktion och Material	Production and Materials	5.0	G2
MMTF15	Verkstadsteknik	Workshop Practice	7.5	G2
MMTF20	Tillverkningsmetoder	Production and Manufacturing Methods	7.5	G2
MMTF25	CAD/CAM/CAE	Computer Aided Design/Computer Aided Manufacturing	7.5	G2
MMTL02	Kandidatarbete i industriell produktion	Bachelor Project in Production and Materials Engineering	15.0	G2
MMTM01	Examensarbete i industriell produktion	Degree Project in Production and Materials Engineering	30.0	A
MMTM05	Masterexamensarbete i produktrealisering	Degree Project in Production and Materials Engineering	30.0	A
MMTN05	Tillverkningssystem, fortsättningskurs	Flexible Manufacturing Systems, Advanced Course	7.5	A
MMTN10	Global produktrealisering	International Product Realisation	7.5	A
MMTN15	Projekt - Industriell produktion	Project - Production and Materials Engineering	7.5	A
MMTN20	Material- och metodval	Material and Process Selection	7.5	A
MMTN25	Produktionsteknik	Production Technology	7.5	A
MMTN30	Tillverkningssystem	Flexible Manufacturing Systems	7.5	A
MMTN35	Tillämpad FEM - projektkurs	Applied FEM - Project	7.5	A
MMTN40	Skärande bearbetning, fortsättningskurs	Metal Cutting, Advanced Course	7.5	A
MMTN45	Produktionsteknik 2	Production Technology 2	7.5	A
MMVA01	Termodynamik med strömningslära	Thermodynamics and Fluid Mechanics, Basic Course	5.0	G1
MMVF01	Termodynamik och strömningslära	Thermodynamics and Fluid Mechanics	11.0	G2
MMVF05	Värmeöverföring	Heat Transfer	7.5	G2
MMVF15	Strömningslära	Fluid Mechanics	6.0	G2
MMVN01	Aerodynamik och kompressibel strömning	Aerodynamics and Compressible Flow	7.5	A
MMVN05	Numerisk strömningsmekanik och värmeöverföring	Numerical Fluid Dynamics and Heat Transfer	7.5	A
MTTF01	Logistik	Logistics	5.0	G2
MTTF25	Logistik och verksamhetsstyrning	Fundamentals of Logistics and Operations Management	7.5	G2
MTTL05	Kandidatarbete i förpackningslogistik	Bachelor Project in Packaging Logistics	15.0	G2
MTTM01	Masterexamensarbete i livsmedelsförpackningsdesign	Degree Project in Food Packaging Design	30.0	A
MTTM02	Masterexamensarbete i teknisk logistik	Degree Project in Engineering Logistics	30.0	A
MTTM03	Masterexamensarbete i förpackningslogistik	Degree Project in Packaging Logistics	30.0	A
MTTM05	Examensarbete i teknisk logistik	Degree Project in Engineering Logistics	30.0	A
MTTM10	Examensarbete i förpackningslogistik	Degree Project in Packaging Logistics	30.0	A
MTTN20	Informationssystem för logistik och försörjningskedjor	Supply Chain Information Systems	7.5	A
MTTN25	Materialhantering	Warehousing and Materials Handling	7.5	A
MTTN35	Förpackningslogistik	Packaging Logistics	7.5	A
MTTN40	Förpackningsteknik och utveckling	Packaging Technology and Development	7.5	A
MTTN45	Humanitär logistik - logistik i utvecklingsländer och vid katastrofer	Humanitarian Logistics - disaster relief and logistics in developing countries	7.5	A
MTTN50	Livsmedels- och förpackningsinnovation, projekt	Senior Project in Food and Packaging Innovation	7.5	A
MTTN56	Förpackningsmaterial, fördjupning	Packaging Material Science	7.5	A
MTTN60	Verksamhetsutveckling	Business Process Management	7.5	A
MTTN70	Internationell distributionsteknik	International Physical Distribution	7.5	A
MTTN75	Industriellt inköp	Industrial Purchasing	7.5	A
MTTN80	Logistik i försörjningskedjor	Supply Chain Management	7.5	A
MTTN85	Projektledning och forskningsmetodik inom produktion och logistik	Project Management and Research Methodologies in Supply Chain Management	7.5	A
MVKF01	Energi och miljö i hållbar utveckling	Energy and the Environment in Sustainable Development	6.0	G2
MVKF15	Grundläggande fordonssystem	Introduction to Vehicle Systems	7.5	G2
MVKF20	Transportfenomen i människokroppen	Transport Phenomena in the Human Body	5.0	G2
MVKF25	Vätgas, batterier och bränsleceller	Hydrogen, Batteries and Fuel Cells	7.5	G2
MVKL01	Kandidatarbete i energivetenskaper	Bachelor Project in Energy Sciences	15.0	G2
MVKM01	Examensarbete i energivetenskaper	Degree Project in Energy Sciences	30.0	A
MVKN01	Projekteringsmetodik för termiska kraftverk	Projecting Thermal Power Plants	7.5	A
MVKN15	Energiförsörjning	Energy Supply Systems	7.5	A
MVKN20	Energianvändning	Energy Utilization	7.5	A
MVKN30	Avancerad energihushållning	Advanced Efficient Energy Systems	7.5	A
MVKN35	Energimarknader	Energy Markets	6.0	A
MVKN50	Introduktion till förbränningsmotorer	Introduction to Combustion Engines	7.5	A
MVKN55	Avancerade förbränningsmotorkoncept	Advanced Combustion Engine Concepts	7.5	A
MVKN60	Turbomaskinernas teori	Theory of Turbo Machinery	7.5	A
MVKN70	Avancerade metoder inom numerisk strömningsmekanik och värmeöverföring	Advanced Methods within Numerical Fluid Mechanics and Heat Transfer 	7.5	A
MVKN75	Ång- och gasturbinteknik	Steam and Gas Turbine Engineering	7.5	A
MVKN80	Projekt - energiteknik	Project - Energy Technology	7.5	A
MVKN85	Turbulent förbränning	Turbulent Combustion	7.5	A
MVKN90	Turbulens - teori och modellering	Turbulence - Theory and Modelling	7.5	A
MVKN95	Miljövänlig elproduktion	Environmentally Friendly Power Generation	7.5	A
MVKP01	Fjärrvärme och fjärrkyla	District Heating and Cooling	7.5	A
MVKP05	Projekt - formula student	Project - Formula Student	7.5	A
MVKP10	Energisystemteknik	Energy Engineering	7.5	A
PHYL01	Kandidatarbete i fysik	Bachelor Project in Physics	15.0	G2
PHYM01	Examensarbete i fysik	Degree Project in Physics	30.0	A
PHYM03	Masterexamensarbete i fysik	Degree Project in Physics	30.0	A
SASC01	En Introduktion till Informationssäkerhet	An Introduction to Information Security	7.5	G1
TBAA05	Tekniskt basår: Matematik 3c	Pre-University Course in Technical Sciences: Mathematics 3c	13.0	G1
TBAA10	Tekniskt basår: Matematik 4	Pre-University Course in Technical Sciences: Mathematics 4	9.0	G1
TBAA15	Tekniskt basår: Fysik 1-2, del a	Pre-University Course in Technical Sciences: Physics 1-2, part a	10.0	G1
TBAA20	Tekniskt basår: Fysik 1-2, del b	Pre-University Course in Technical Sciences: Physics 1-2, part b	7.0	G1
TBAA25	Tekniskt basår: Fysik 1-2, del c	Pre-University Course in Technical Sciences: Physics 1-2, part c	7.0	G1
TBAA30	Tekniskt basår: Kemi 1	Pre-University Course in Technical Sciences: Chemistry 1	10.0	G1
TBAA35	Tekniskt basår: Tillämpad kemi	Pre-University Course in Technical Sciences: Applied Chemistry	2.0	G1
TBAA40	Tekniskt basår: Teknisk orienteringskurs	Pre-University Course in Technical Sciences: Technical Outline Course	2.0	G1
TNSA01	Universal design, teori	Universal Design, Theory	2.0	G1
TNSF02	Universal design, projekt	Universal Design, Project	5.0	G2
TNSF05	Rehabiliteringsteknik	Rehabilitation Engineering	7.5	G2
TNSF10	Universal design, teori och projekt	Universal Design, Theory and Project	7.5	G2
TNSM01	Examensarbete i rehabiliteringsteknik	Degree Project in Rehabilitation Engineering	30.0	A
TNSN01	Servicerobotik	Service Robotics	7.5	A
URP000	Forskningsinriktad praktik	Undergraduate Research Project	12.0	G2
VBEA05	Byggprocessen	The Construction Process, Basic Course	5.0	G1
VBEA10	Byggprocessen	The Construction Process	5.0	G1
VBEA25	Byggprocessen med entreprenadrätt	Construction Process and Construction Law	7.0	G1
VBEA30	Kommunikation och datorverktyg	Communication and Computer Tools	8.0	G1
VBEF01	Projektledning	Project Management	7.5	G2
VBEF05	Byggprocessen och projektledning	Construction Process and Project Management	7.5	G2
VBEF10	Fastighetsförvaltning	Real Estate Management	7.5	G2
VBEF15	Byggproduktion	Technique for Construction Management	7.5	G2
VBEF25	Byggprojektledning	Project Management in Construction	7.5	G2
VBEF30	Programarbete och bygglov	Programwork, Social Planning and Building-design	7.5	G2
VBEF35	Projektering och beräkningsarbete	Construction Design and Calculation	7.5	G2
VBEF40	Byggstyrning	Production, Planning and Control	7.5	G2
VBEF45	Modellbaserad projektering	Model Based Design	7.5	G2
VBEF50	CAD- och BIM-baserad byggprojektering 	CAD and BIM Applications in Construction	7.5	G2
VBEL01	Kandidatarbete i byggproduktion	Bachelor Project in Construction Management	15.0	G2
VBEM01	Examensarbete i byggproduktion	Degree Project in Construction Management	30.0	A
VBEN01	Beställarrollen	The Role of the Construction Client	7.5	A
VBEN15	Byggledning	Construction Management	7.5	A
VBEN25	Bygglogistik och inköp	Construction Logistics and Purchasing	7.5	A
VBFA01	Husbyggnads- och installationsteknik	Building Technology and Building Services	10.0	G1
VBFA05	Husbyggnadsteknik	Building Technology	4.0	G1
VBFA10	Husbyggnadsteknik	Building Technology	6.0	G1
VBFF01	Energieffektivitet och innemiljö	Energy Efficiency and Indoor Environment	7.5	G2
VBFF05	Fuktsäkerhetsprojektering	Moisture Safety Design	7.5	G2
VBFF10	Byggnadsfysik	Building Physics	6.0	G2
VBFF15	Energihushållning	Energy Conservation	8.0	G2
VBFL01	Kandidatarbete i byggnadsfysik	Bachelor Project in Building Physics	15.0	G2
VBFM01	Examensarbete i byggnadsfysik	Degree Project in Building Physics	30.0	A
VBFN01	Hållbart byggande	Sustainable Building Technology	7.5	A
VBFN05	Energi, luft och fukt vid ombyggnad och förvaltning	Energy, Air Movements and Moisture at Rebuilding and Administration	7.5	A
VBFN10	Projektering avseende energi, luft och fukt i nya byggnader	Design concerning Energy, Air Movements and Moisture in New Buildings	7.5	A
VBKA05	Arkitekturteknik 1: Arkitektur och bärverk	Architectural Design	3.0	G1
VBKF01	Konstruktionsteknik - byggsystem	Structural Engineering - Building Systems	7.5	G2
VBKF10	Konstruktionsteknik	Structural Engineering	6.0	G2
VBKF15	Konstruktionsteknik	Structural Engineering	9.0	G2
VBKL01	Kandidatarbete i konstruktionsteknik	Bachelor Project in Structural Engineering	15.0	G2
VBKM01	Examensarbete i konstruktionsteknik	Degree Project in Structural Engineering	30.0	A
VBKN05	Betongbyggnad	Concrete Structures	7.5	A
VBKN10	Riskhantering i byggtekniska tillämpningar	Risk Management in Construction Technology Applications	7.5	A
VBKN15	Konstruktion av broar och avancerade konstruktioner	Design of Bridges and Advanced Structures	7.5	A
VBKN25	Stålbyggnadsteknik	Design of Steel Structures	7.5	A
VBKN30	Träbyggnadsteknik	Design of Timber Structures	7.5	A
VBMA05	Arkitekturteknik 2: Byggnadsmaterial	Building Materials	3.0	G1
VBMA10	Arkitekturteknik 3: Byggnadsteknik & byggnadsfysik	Building Technology and Building Physics	3.0	G1
VBMA25	Byggnadsmaterial	Building Materials	5.0	G1
VBMA30	Byggnadsmaterial	Building Materials	6.0	G1
VBMA35	Byggnadsmaterial	Building Materials	6.0	G1
VBMF05	Byggmaterialvetenskap	Building Material Science	7.5	G2
VBML01	Kandidatarbete i byggnadsmaterial	Bachelor Project in Building Materials	15.0	G2
VBMM01	Examensarbete i byggnadsmaterial	Degree Project in Building Materials	30.0	A
VBMN05	Fuktsäkerhet i byggprocessen	Moisture Safety in the Building Process	7.5	A
VBMN10	Betong i livscykelperspektiv	Concrete in a Life-cycle Perspective	7.5	A
VBMN15	Biobaserade byggmaterial	Bio-based Building Materials	7.5	A
VBRA06	Introduktion till brandteknik	Introduction to Fire Safety Engineering	6.0	G1
VBRA10	Konsekvensberäkningar	Consequence Analysis	7.5	G1
VBRA15	Brandmannautbildning	Introductory Course for Firemen	4.5	G1
VBRF10	Branddynamik	Fire Dynamics	15.0	G2
VBRF20	Brandkemi - värmetransport	Fire Chemistry and Heat Transfer	13.0	G2
VBRM01	Examensarbete i brandteknik	Degree Project in Fire Safety Engineering	22.5	A
VBRM05	Masterexamensarbete i brandteknik	Degree Project in Fire Safety Technology	30.0	A
VBRM10	Examensarbete i brandteknik	Degree Project in Fire Safety Engineering	30.0	A
VBRM15	Masterexamensarbete i katastrofriskhantering och klimatanpassning	Degree Project in Disaster Risk Management and Climate Change Adaptation	30.0	A
VBRN01	Riskbedömning	Risk Assessment	8.0	A
VBRN05	Branddynamik - avancerad	Fire Dynamics - Advanced	9.0	A
VBRN10	Människors beteende vid brand	Human Behaviour in Fire	8.0	A
VBRN16	Simulering av rumsbränder	Simulation of Fires in Enclosures	5.0	A
VBRN35	Kapacitetsutveckling	Capacity Development	7.5	A
VBRN40	Beredskap och planering	Preparedness and Planning	7.5	A
VBRN45	Riskanalys inom brandteknik	Risk Assessment in Fire Protection Engineering	7.5	A
VBRN50	Riskhanteringsprocessen	Risk Management Processes	15.0	A
VBRN55	Katastrofriskhantering och klimatanpassning i praktiken 	Disaster Risk Management and Climate Change Adaptation in Practice	15.0	A
VBRN60	Brandskyddssystem	Fire Protection Systems	15.0	A
VBRN65	Industribrandskydd	Industrial Fire Protection	7.5	A
VBRN70	Brandteknisk riskvärdering	Fire Safety Evaluation	9.0	A
VBRN75	Människors beteende vid brand	Human Behaviour in Fire	7.5	A
VBRN80	Kvalificerad brandutredningsmetodik	Advanced Fire Investigation	7.5	A
VBRN85	Avancerad CFD	Advanced CFD	7.5	A
VBVL01	Examensarbete	Degree Project	22.5	G2
VFRN01	Lokalhyra och arrenden	Tenancy	7.5	A
VFRN05	Kommersiella fastighetsköp	Purchasing Commercial Real Estate	7.5	A
VFRN10	Detaljplan och bygglov	Land Planning and Building Permits	7.5	A
VFTA01	Fastighetsteknik och fysisk planering	Real Estate and Physical Planning	18.0	G1
VFTA05	Grundläggande juridik med fastighetsrätt	Introductory Law and Real Estate Law	15.0	G1
VFTF01	National- och företagsekonomi	Economics	15.0	G2
VFTF10	Fastighetsbildning	Real Property Formation	15.0	G2
VFTF25	Fastighetsvärdering och analys	Real Estate Valuation and Analysis	10.0	G2
VFTF30	Värdering och ersättning vid markåtkomst	Takings - Valuation and Compensation	5.0	G2
VFTL01	Kandidatarbete i fastighetsvetenskap	Bachelor Project in Real Estate Science	15.0	G2
VFTM01	Examensarbete i fastighetsvetenskap	Degree Project in Real Estate Science	30.0	A
VFTN05	Fastighetsbildningsprocessen	Cadastral Procedure	7.5	A
VFTN10	Urban ekonomi	Urban Economics	7.5	A
VFTN15	Rättsekonomi	Law and Economics	7.5	A
VFTN20	Fastighetsrättsliga ersättningsprinciper	Principles of Compensation in Real Estate	7.5	A
VFTN25	Fastighetsvetenskapliga seminarier	Seminars in Real Estate Science	7.5	A
VFTN35	Evolutionära urbana processer	Evolutionäry Urban Processes	7.5	A
VFTN45	Speciell fastighetsrätt	Land Use Law	7.5	A
VFTN50	Fastighetsmarknaden	The Real Estate Market	7.5	A
VFTN55	Borätt	Residential Tenancy	7.5	A
VFTN60	Fastighetsföretagande	Real Estate Business	7.5	A
VFTN65	Metoder i fastighetsekonomi	Methods in Real Estate Economics and Management 	7.5	A
VFTN70	Samhällsbyggnad ur ett tvärdisciplinärt hållbarhetsperspektiv	Built Environment in a Transdisciplinary Perspective of Sustainability	7.5	A
VFTN75	Den smarta stadens styrning: AI och etik i en spatial kontext	Smart City Governance: AI Ethics in a Spatial Context	7.5	A
VGMA05	Geodetisk mätningsteknik	Geodetic Surveying	6.0	G1
VGMF10	Geodesi	Geodesy	7.5	G2
VGMF15	Geodetisk mätningsteknik	Geodetic Surveying	5.0	G2
VGML01	Kandidatarbete i geodetisk mätningsteknik	Bachelor Project in Geodetic Surveying	15.0	G2
VGMM01	Examensarbete i geodetisk mätningsteknik	Degree Project in Geodetic Surveying 	30.0	A
VGTA01	Geologi och geoteknik	Engineering Geology and Soil Mechanics	6.0	G1
VGTF05	Geoteknik	Soil Mechanics	5.0	G2
VGTL01	Kandidatarbete i geoteknik	Bachelor Project in Geotechnical Engineering	15.0	G2
VGTM01	Examensarbete i geoteknik	Degree Project in Geotechnical Engineering	30.0	A
VGTN01	Grundläggningsteknik	Foundation Engineering	7.5	A
VMTL01	Examensarbete	Degree Project	22.5	G2
VRSM01	Examensarbete i riskhantering	Degree Project in Risk Management and Safety Engineering	30.0	A
VRSN01	Samhällssäkerhet och resiliens	Societal Resilience	7.5	A
VRSN05	Riskanalysens och riskhanteringens grunder	Foundations for Risk Assessment and Management	7.5	A
VRSN11	Ledning och samverkan vid samhällsstörningar 	Introduction to Disaster Response Management	7.5	A
VRSN15	Klimatsmart riskreducering	Climate Smart Risk Reduction	7.5	A
VRSN20	Samhällsplanering	Risk Based Land Use Planning	7.5	A
VRSN25	Riskanalys inom säkerhetsområdet	Risk Assessment in the Safety Area	7.5	A
VRSN30	Samhällsplanering	Risk Based Land Use Planning	7.5	A
VRSN40	Forskningsmetodik och metoder	Research Methodology and Methods 	7.5	A
VRSN45	Kritiska Infrastrukturers resiliens	Critical Infrastructure Resilience	7.5	A
VRSN50	Riskuppfattningar, kommunikation och mänskligt beteende	Risk Perception, Communication and Human Behaviour	7.5	A
VSMA01	Mekanik	Mechanics	5.0	G1
VSMA05	Byggnadsmekanik	Structural Mechanics	8.0	G1
VSMA10	Materialmekanik	Mechanics of Materials	3.0	G1
VSMA15	Mekanik	Mechanics, Basic Course	8.0	G1
VSMA20	Strukturmekanik	Structural Mechanics	6.0	G1
VSMA25	Mekanik	Mechanics	7.5	G1
VSMF05	Teknisk modellering: Bärverksanalys	Engineering Modelling: Analysis of Structures	7.5	G2
VSMF10	Byggnadskonstruktion	Structural Design	9.0	G2
VSML01	Kandidatarbete i byggnadsmekanik	Bachelor Project in Structural Mechanics	15.0	G2
VSML05	Kandidatarbete i strukturmekanik	Bachelor Project in Structural Mechanics	15.0	G2
VSMM01	Examensarbete i byggnadsmekanik	Degree Project in Structural Mechanics 	30.0	A
VSMM05	Examensarbete i strukturmekanik	Degree Project in Structural Mechanics	30.0	A
VSMN10	Strukturdynamiska beräkningar	Structural Dynamic Computing	7.5	A
VSMN15	Integrerad design: Konstruktion - Arkitektur	Integrated Design: Structural Design - Architectural Design	7.5	A
VSMN20	Programutveckling för tekniska tillämpningar	Software Development for Technical Applications	7.5	A
VSMN25	Finita elementmetoden - flödesberäkningar	The Finite Element Method - Flow Analysis	7.5	A
VSMN30	Finita elementmetoden - konstruktionsberäkningar	The Finite Element Method - Structural Analysis	7.5	A
VSMN35	Balkteori	Beam Theory	7.5	A
VTAF01	Ljud i byggnad och samhälle	Sound in Building and Environment	7.5	G2
VTAL01	Kandidatarbete i teknisk akustik	Bachelor Project in Engineering Acoustics	15.0	G2
VTAM01	Examensarbete i teknisk akustik	Degree Project in Engineering Acoustics	30.0	A
VTAN01	Akustik	Acoustics	7.5	A
VTGA01	Teknisk geologi	Engineering Geology	4.0	G1
VTGA05	Teknisk geologi	Engineering Geology	5.0	G1
VTGF01	Bergmekanik och bergbyggnad	Rock Mechanics and Construction	7.5	G2
VTGF05	Geoteknologi	Geotechnology	6.0	G2
VTGL01	Kandidatarbete i teknisk geologi	Bachelor Project in Engineering Geology	15.0	G2
VTGM01	Masterexamensarbete i teknisk geologi	Degree Project in Engineering Geology	30.0	A
VTGM05	Examensarbete i teknisk geologi	Degree Project in Engineering Geology	30.0	A
VTGN01	Fältundersökningsmetodik	Field Investigation Methodology	7.5	A
VTGN05	Grundvattenmodellering och föroreningstransport	Groundwater Modelling and Contaminant Transport	7.5	A
VTGN10	Grundvattenteknik	Groundwater Engineering	7.5	A
VTTF01	Trafikteknik	Traffic Engineering	7.5	G2
VTTF05	Trafikteknisk teori: Tillgänglighet, Framkomlighet, Säkerhet och Miljö	Traffic Engineering Theory: Accessibility, Level of service, Safety and Environment	7.5	G2
VTTF10	Trafikens effekter: Tillgänglighet, Framkomlighet, Säkerhet och Miljö	Effects of Traffic: Accessibility, Level of Service, Safety and Environment	7.5	G2
VTTL01	Kandidatarbete i trafikteknik	Bachelor Project in Traffic Planning and Engineering	15.0	G2
VTTN05	Transportmanagement	Transport Management	7.5	A
VTTN10	Kollektivtrafik	Public Transport	7.5	A
VTVA01	Infrastrukturteknik	Infrastructure Technique	12.0	G1
VTVA05	Hållbart byggande	Sustainable Construction	12.0	G1
VTVA10	Ingenjörsfärdigheter med CAD	Engineering Skills with CAD	4.0	G1
VTVA35	Banteknik för ingenjörer	Track and Permanent Way for Engineers	9.0	G1
VTVA45	Väg- och järnvägsteknik	Road and Railway Engineering	7.0	G1
VTVA50	Transport och samhälle	Transports and Society	9.0	G1
VTVF35	Trafikstyrning och telekommunikation inom spårtrafiken	Traffic Control and Telecommunication in Railway Traffic	12.0	G2
VTVF45	Elteknik - elektrisk spårtrafik och dess anläggningar	Electric Power Systems for Electrified Railway	10.0	G2
VTVF80	Planerings- och projekteringsmetodik av järnvägsanläggningar	Railway Planning and Design Methodology	11.0	G2
VTVF85	Utformning av järnvägar	Railway Design	7.5	G2
VTVF90	Design av väg- och gaturummet	Road and Street Design	9.0	G2
VTVF95	Vägkonstruktion och VA-system	Road Construction and Water Systems	7.5	G2
VTVG01	Järnväg i ett internationellt perspektiv	Railway in an International  Perspective	4.5	G2
VTVL01	Examensarbete infrastruktur	Degree Project Infrastructure	22.5	G2
VTVM01	Examensarbete i trafikteknik	Degree Project in Traffic Planning and Engineering	30.0	A
VTVM05	Examensarbete i vägbyggnad	Degree Project in Road Construction	30.0	A
VTVN01	Utformning av vägar	Highway Design	7.5	A
VTVN05	Design av stadens infrastruktur	Urban Infrastructure Design	7.5	A
VTVN10	Trafiksimulering	Traffic Simulation	7.5	A
VTVN15	Trafikteknisk analys	Traffic Engineering and Analysis	7.5	A
VTVN20	Trafiksäkerhet	Traffic Safety	7.5	A
VVAF01	VA-teknik	Water and Wastewater Technology	5.0	G2
VVAL01	Kandidatarbete i vattenförsörjnings- och avloppsteknik	Bachelor Project in Water and Environmental Engineering	15.0	G2
VVAM01	Masterexamensarbete i vattenförsörjnings- och avloppsteknik	Degree Project in Water and Environmental Engineering	30.0	A
VVAM05	Examensarbete i vattenförsörjnings- och avloppsteknik	Degree Project in Water and Environmental Engineering	30.0	A
VVAN05	Urbana vatten	Urban Waters	15.0	A
VVAN10	Projektkurs i vattenförsörjnings- och avloppsteknik del I	Project Course Part I	7.5	A
VVAN15	Projektkurs i vattenförsörjnings- och avloppsteknik del II	Project Course Part II	7.5	A
VVAN20	Avancerad avloppsvattenhantering	Advanced Wastewater Treatment	7.5	A
VVAN25	Dricksvattenproduktion och avloppsvattenrening	Water and Wastewater Treatment	7.5	A
VVAN30	Urban dagvattenhantering	Urban Storm Water Management	7.5	A
VVBF10	Samhällsekonomi	Economics	7.5	G2
VVBF15	Samverkan fordon/bana-spårfordonsteknik	Interaction between Track and Vehicle-trackvehicle Technique	7.5	G2
VVBF20	Vägbyggnad	Road Construction	5.0	G2
VVBL01	Kandidatarbete i vägbyggnad	Bachelor Project in Road Construction	15.0	G2
VVBN05	Drift och underhåll av vägar	Highway Maintenance	7.5	A
VVBN10	Vägbyggnadsteknik	Pavement Design and Construction	7.5	A
VVRA01	Hydrologi och akvatisk ekologi	Hydrology and Aquatic Ecology	15.0	G1
VVRA05	Vatten	Water	9.0	G1
VVRF01	Integrerad vattenresurshantering: Internationella aspekter	Integrated Water Resources Management: International Aspects	7.5	G2
VVRF05	Internationell sommarforskarskola i vattenresurslära	International Summer Water Resources Research School	7.5	G2
VVRF10	Strömningslära	Fluid Mechanics	7.5	G2
VVRL01	Kandidatarbete i teknisk vattenresurslära	Bachelor Project in Water Resources Engineering	15.0	G2
VVRM01	Masterexamensarbete i teknisk vattenresurslära	Degree Project in Water Resources Engineering	30.0	A
VVRM05	Examensarbete i teknisk vattenresurslära	Degree Project in Water Resources Engineering	30.0	A
VVRN10	Avrinnings-modellering	Rainfall Runoff Modelling	7.5	A
VVRN20	Vatten, samhälle och klimatförändringar	Water, Society and Climate Change 	7.5	A
VVRN25	Vattenrörledningssystem - design, analys och förvaltning	Pipe System Engineering and Hydraulics	7.5	A
VVRN30	Kusthydraulik	Coastal Hydraulics	7.5	A
VVRN35	Hydromekanik	Hydromechanics	7.5	A
VVRN40	Strömning i naturliga vatten	Environmental Hydraulics	7.5	A
YTHA10	Livsmedelskedjans förutsättningar	Food System Structures	7.5	G1
YTHA30	Livsmedelsteknik I - Värmelära	Food Technology I - Heat and Heat Transfer	7.5	G1
YTHA40	Vegetabiliska livsmedel	Vegetables	7.5	G1
YTHA45	Animaliska livsmedel	Animal based food products	7.5	G1
YTHA50	Produktutveckling - förpackat och klart	Product Development - from Idea to Package	7.5	G1
YTHA55	Produktionsplanering och ledarrollen	Production Planning and the Role of Management	7.5	G1
YTHA60	Metodik	Methods	7.5	G1
YTHA66	Livsmedlens näringsmässiga grunder	Basic Nutrition	7.5	G1
YTHA68	Livsmedlens mikrobiologiska kvalitet	Food Microbilogical Quality	7.5	G1
YTHA71	Livsmedelskemi I	Food Chemistry I	7.5	G1
YTHA73	Livsmedlens mikrobiologiska grunder	Food Microbiological Bases	7.5	G1
YTHA76	Livsmedelskemi II	Food Chemistry II	7.5	G1
YTHF05	Näringslära II	Nutrition II	7.5	G2
YTHF10	Livsmedelsteknik II - Processteknik	Food Technology - Food Preparation Processes	7.5	G2
YTHL01	Examensarbete för högskoleexamen i livsmedelsteknik	Degree Project 	15.0	G2